2024-06-26 08:51:57,280 [Worker-4: Loading available Gradle versions] INFO  o.e.b.c.i.u.g.PublishedGradleVersions - Gradle version information cache is up-to-date. Trying to read.
2024-06-28 08:47:01,012 [Worker-7: Loading available Gradle versions] INFO  o.e.b.c.i.u.g.PublishedGradleVersions - Gradle version information cache is out-of-date. Trying to update.
2024-06-28 12:44:50,720 [Worker-8: Loading available Gradle versions] INFO  o.e.b.c.i.u.g.PublishedGradleVersions - Gradle version information cache is up-to-date. Trying to read.
2026-01-01 20:40:35,907 [Worker-4: Loading available Gradle versions] INFO  o.e.b.c.i.u.g.PublishedGradleVersions - Gradle version information cache is up-to-date. Trying to read.
2026-01-02 10:58:26,802 [Worker-6: Loading available Gradle versions] INFO  o.e.b.c.i.u.g.PublishedGradleVersions - Gradle version information cache is up-to-date. Trying to read.
2026-01-04 12:32:13,193 [Worker-2: Loading available Gradle versions] INFO  o.e.b.c.i.u.g.PublishedGradleVersions - Gradle version information cache is out-of-date. Trying to update.
2026-01-04 13:09:59,536 [ModalContext] INFO  o.e.m.c.i.e.AbstractTransferListenerAdapter - Downloaded https://repo.maven.apache.org/maven2/watch/watach/1/watach-1.pom
2026-01-04 13:09:59,551 [ModalContext] ERROR o.e.m.c.u.i.w.MavenProjectWizardArchetypePage - Can't resolve Archetype watch:watach:1
org.eclipse.core.runtime.CoreException: Could not resolve artifact watch:watach:pom:1
	at org.eclipse.m2e.core.internal.embedder.MavenImpl.lambda$4(MavenImpl.java:804)
	at org.eclipse.m2e.core.internal.embedder.MavenExecutionContext.executeBare(MavenExecutionContext.java:179)
	at org.eclipse.m2e.core.internal.embedder.MavenExecutionContext.execute(MavenExecutionContext.java:153)
	at org.eclipse.m2e.core.internal.embedder.MavenExecutionContext.execute(MavenExecutionContext.java:101)
	at org.eclipse.m2e.core.internal.embedder.MavenImpl.resolve(MavenImpl.java:772)
	at org.eclipse.m2e.core.internal.embedder.MavenImpl.resolve(MavenImpl.java:749)
	at org.eclipse.m2e.core.ui.internal.wizards.MavenProjectWizardArchetypePage.lambda$9(MavenProjectWizardArchetypePage.java:812)
	at org.eclipse.jface.operation.ModalContext$ModalContextThread.run(ModalContext.java:122)
2026-01-04 13:11:23,642 [Worker-31: Importing Maven projects] INFO  o.e.m.c.i.e.AbstractTransferListenerAdapter - Downloaded https://repo.maven.apache.org/maven2/org/eclipse/egit/egit-parent/5.12.0.202106070339-r/egit-parent-5.12.0.202106070339-r.pom
2026-01-04 13:11:23,989 [Worker-31: Importing Maven projects] INFO  o.e.m.c.i.e.AbstractTransferListenerAdapter - Downloaded https://repo.maven.apache.org/maven2/org/apache/felix/maven-bundle-plugin/3.5.0/maven-bundle-plugin-3.5.0.pom
2026-01-04 13:11:24,209 [Worker-31: Importing Maven projects] INFO  o.e.m.c.i.e.AbstractTransferListenerAdapter - Downloaded https://repo.maven.apache.org/maven2/org/apache/felix/felix-parent/4/felix-parent-4.pom
2026-01-04 13:11:24,369 [Worker-31: Importing Maven projects] INFO  o.e.m.c.i.e.AbstractTransferListenerAdapter - Downloaded https://repo.maven.apache.org/maven2/org/apache/apache/17/apache-17.pom
2026-01-04 13:11:24,566 [Worker-31: Importing Maven projects] INFO  o.e.m.c.i.e.AbstractTransferListenerAdapter - Downloaded https://repo.maven.apache.org/maven2/org/osgi/org.osgi.core/4.3.1/org.osgi.core-4.3.1.pom
2026-01-04 13:11:24,742 [Worker-31: Importing Maven projects] INFO  o.e.m.c.i.e.AbstractTransferListenerAdapter - Downloaded https://repo.maven.apache.org/maven2/biz/aQute/bnd/biz.aQute.bndlib/3.5.0/biz.aQute.bndlib-3.5.0.pom
2026-01-04 13:11:24,894 [Worker-31: Importing Maven projects] INFO  o.e.m.c.i.e.AbstractTransferListenerAdapter - Downloaded https://repo.maven.apache.org/maven2/org/apache/felix/org.apache.felix.bundlerepository/1.6.6/org.apache.felix.bundlerepository-1.6.6.pom
2026-01-04 13:11:25,106 [Worker-31: Importing Maven projects] INFO  o.e.m.c.i.e.AbstractTransferListenerAdapter - Downloaded https://repo.maven.apache.org/maven2/org/apache/felix/felix-parent/2.1/felix-parent-2.1.pom
2026-01-04 13:11:25,310 [Worker-31: Importing Maven projects] INFO  o.e.m.c.i.e.AbstractTransferListenerAdapter - Downloaded https://repo.maven.apache.org/maven2/org/osgi/org.osgi.core/4.1.0/org.osgi.core-4.1.0.pom
2026-01-04 13:11:25,444 [Worker-31: Importing Maven projects] INFO  o.e.m.c.i.e.AbstractTransferListenerAdapter - Downloaded https://repo.maven.apache.org/maven2/org/easymock/easymock/3.4/easymock-3.4.pom
2026-01-04 13:11:25,644 [Worker-31: Importing Maven projects] INFO  o.e.m.c.i.e.AbstractTransferListenerAdapter - Downloaded https://repo.maven.apache.org/maven2/org/easymock/easymock-parent/3.4/easymock-parent-3.4.pom
2026-01-04 13:11:25,822 [Worker-31: Importing Maven projects] INFO  o.e.m.c.i.e.AbstractTransferListenerAdapter - Downloaded https://repo.maven.apache.org/maven2/org/objenesis/objenesis/2.2/objenesis-2.2.pom
2026-01-04 13:11:26,084 [Worker-31: Importing Maven projects] INFO  o.e.m.c.i.e.AbstractTransferListenerAdapter - Downloaded https://repo.maven.apache.org/maven2/org/objenesis/objenesis-parent/2.2/objenesis-parent-2.2.pom
2026-01-04 13:11:26,263 [Worker-31: Importing Maven projects] INFO  o.e.m.c.i.e.AbstractTransferListenerAdapter - Downloaded https://repo.maven.apache.org/maven2/org/apache/felix/org.apache.felix.utils/1.6.0/org.apache.felix.utils-1.6.0.pom
2026-01-04 13:11:26,433 [Worker-31: Importing Maven projects] INFO  o.e.m.c.i.e.AbstractTransferListenerAdapter - Downloaded https://repo.maven.apache.org/maven2/org/osgi/org.osgi.compendium/4.2.0/org.osgi.compendium-4.2.0.pom
2026-01-04 13:11:26,604 [Worker-31: Importing Maven projects] INFO  o.e.m.c.i.e.AbstractTransferListenerAdapter - Downloaded https://repo.maven.apache.org/maven2/org/apache/maven/maven-core/2.2.0/maven-core-2.2.0.pom
2026-01-04 13:11:26,775 [Worker-31: Importing Maven projects] INFO  o.e.m.c.i.e.AbstractTransferListenerAdapter - Downloaded https://repo.maven.apache.org/maven2/org/apache/maven/maven/2.2.0/maven-2.2.0.pom
2026-01-04 13:11:27,049 [Worker-31: Importing Maven projects] INFO  o.e.m.c.i.e.AbstractTransferListenerAdapter - Downloaded https://repo.maven.apache.org/maven2/org/apache/maven/maven-settings/2.2.0/maven-settings-2.2.0.pom
2026-01-04 13:11:27,182 [Worker-31: Importing Maven projects] INFO  o.e.m.c.i.e.AbstractTransferListenerAdapter - Downloaded https://repo.maven.apache.org/maven2/org/apache/maven/maven-model/2.2.0/maven-model-2.2.0.pom
2026-01-04 13:11:27,836 [Worker-31: Importing Maven projects] INFO  o.e.m.c.i.e.AbstractTransferListenerAdapter - Downloaded https://repo.maven.apache.org/maven2/org/apache/maven/maven-plugin-parameter-documenter/2.2.0/maven-plugin-parameter-documenter-2.2.0.pom
2026-01-04 13:11:28,085 [Worker-31: Importing Maven projects] INFO  o.e.m.c.i.e.AbstractTransferListenerAdapter - Downloaded https://repo.maven.apache.org/maven2/org/apache/maven/reporting/maven-reporting-api/2.2.0/maven-reporting-api-2.2.0.pom
2026-01-04 13:11:28,200 [Worker-31: Importing Maven projects] INFO  o.e.m.c.i.e.AbstractTransferListenerAdapter - Downloaded https://repo.maven.apache.org/maven2/org/apache/maven/reporting/maven-reporting/2.2.0/maven-reporting-2.2.0.pom
2026-01-04 13:11:28,320 [Worker-31: Importing Maven projects] INFO  o.e.m.c.i.e.AbstractTransferListenerAdapter - Downloaded https://repo.maven.apache.org/maven2/org/apache/maven/doxia/doxia-sink-api/1.1/doxia-sink-api-1.1.pom
2026-01-04 13:11:28,435 [Worker-31: Importing Maven projects] INFO  o.e.m.c.i.e.AbstractTransferListenerAdapter - Downloaded https://repo.maven.apache.org/maven2/org/apache/maven/doxia/doxia/1.1/doxia-1.1.pom
2026-01-04 13:11:28,567 [Worker-31: Importing Maven projects] INFO  o.e.m.c.i.e.AbstractTransferListenerAdapter - Downloaded https://repo.maven.apache.org/maven2/org/apache/maven/doxia/doxia-logging-api/1.1/doxia-logging-api-1.1.pom
2026-01-04 13:11:28,690 [Worker-31: Importing Maven projects] INFO  o.e.m.c.i.e.AbstractTransferListenerAdapter - Downloaded https://repo.maven.apache.org/maven2/org/codehaus/plexus/plexus-container-default/1.0-alpha-30/plexus-container-default-1.0-alpha-30.pom
2026-01-04 13:11:28,805 [Worker-31: Importing Maven projects] INFO  o.e.m.c.i.e.AbstractTransferListenerAdapter - Downloaded https://repo.maven.apache.org/maven2/org/codehaus/plexus/plexus-containers/1.0-alpha-30/plexus-containers-1.0-alpha-30.pom
2026-01-04 13:11:29,012 [Worker-31: Importing Maven projects] INFO  o.e.m.c.i.e.AbstractTransferListenerAdapter - Downloaded https://repo.maven.apache.org/maven2/org/codehaus/plexus/plexus-classworlds/1.2-alpha-9/plexus-classworlds-1.2-alpha-9.pom
2026-01-04 13:11:29,226 [Worker-31: Importing Maven projects] INFO  o.e.m.c.i.e.AbstractTransferListenerAdapter - Downloaded https://repo.maven.apache.org/maven2/org/codehaus/plexus/plexus/1.0.10/plexus-1.0.10.pom
2026-01-04 13:11:29,420 [Worker-31: Importing Maven projects] INFO  o.e.m.c.i.e.AbstractTransferListenerAdapter - Downloaded https://repo.maven.apache.org/maven2/org/apache/maven/maven-profile/2.2.0/maven-profile-2.2.0.pom
2026-01-04 13:11:29,588 [Worker-31: Importing Maven projects] INFO  o.e.m.c.i.e.AbstractTransferListenerAdapter - Downloaded https://repo.maven.apache.org/maven2/org/apache/maven/maven-artifact/2.2.0/maven-artifact-2.2.0.pom
2026-01-04 13:11:29,727 [Worker-31: Importing Maven projects] INFO  o.e.m.c.i.e.AbstractTransferListenerAdapter - Downloaded https://repo.maven.apache.org/maven2/org/apache/maven/maven-repository-metadata/2.2.0/maven-repository-metadata-2.2.0.pom
2026-01-04 13:11:29,835 [Worker-31: Importing Maven projects] INFO  o.e.m.c.i.e.AbstractTransferListenerAdapter - Downloaded https://repo.maven.apache.org/maven2/org/apache/maven/maven-error-diagnostics/2.2.0/maven-error-diagnostics-2.2.0.pom
2026-01-04 13:11:29,977 [Worker-31: Importing Maven projects] INFO  o.e.m.c.i.e.AbstractTransferListenerAdapter - Downloaded https://repo.maven.apache.org/maven2/org/apache/maven/maven-project/2.2.0/maven-project-2.2.0.pom
2026-01-04 13:11:30,111 [Worker-31: Importing Maven projects] INFO  o.e.m.c.i.e.AbstractTransferListenerAdapter - Downloaded https://repo.maven.apache.org/maven2/org/apache/maven/maven-artifact-manager/2.2.0/maven-artifact-manager-2.2.0.pom
2026-01-04 13:11:30,272 [Worker-31: Importing Maven projects] INFO  o.e.m.c.i.e.AbstractTransferListenerAdapter - Downloaded https://repo.maven.apache.org/maven2/org/apache/maven/maven-plugin-registry/2.2.0/maven-plugin-registry-2.2.0.pom
2026-01-04 13:11:30,444 [Worker-31: Importing Maven projects] INFO  o.e.m.c.i.e.AbstractTransferListenerAdapter - Downloaded https://repo.maven.apache.org/maven2/commons-cli/commons-cli/1.2/commons-cli-1.2.pom
2026-01-04 13:11:30,573 [Worker-31: Importing Maven projects] INFO  o.e.m.c.i.e.AbstractTransferListenerAdapter - Downloaded https://repo.maven.apache.org/maven2/org/apache/commons/commons-parent/11/commons-parent-11.pom
2026-01-04 13:11:30,796 [Worker-31: Importing Maven projects] INFO  o.e.m.c.i.e.AbstractTransferListenerAdapter - Downloaded https://repo.maven.apache.org/maven2/org/apache/maven/maven-plugin-api/2.2.0/maven-plugin-api-2.2.0.pom
2026-01-04 13:11:30,930 [Worker-31: Importing Maven projects] INFO  o.e.m.c.i.e.AbstractTransferListenerAdapter - Downloaded https://repo.maven.apache.org/maven2/org/apache/maven/maven-plugin-descriptor/2.2.0/maven-plugin-descriptor-2.2.0.pom
2026-01-04 13:11:31,134 [Worker-31: Importing Maven projects] INFO  o.e.m.c.i.e.AbstractTransferListenerAdapter - Downloaded https://repo.maven.apache.org/maven2/org/apache/maven/maven-monitor/2.2.0/maven-monitor-2.2.0.pom
2026-01-04 13:11:31,520 [Worker-31: Importing Maven projects] INFO  o.e.m.c.i.e.AbstractTransferListenerAdapter - Downloaded https://repo.maven.apache.org/maven2/org/apache/maven/maven-archiver/2.6/maven-archiver-2.6.pom
2026-01-04 13:11:31,646 [Worker-31: Importing Maven projects] INFO  o.e.m.c.i.e.AbstractTransferListenerAdapter - Downloaded https://repo.maven.apache.org/maven2/org/apache/maven/shared/maven-shared-components/20/maven-shared-components-20.pom
2026-01-04 13:11:31,811 [Worker-31: Importing Maven projects] INFO  o.e.m.c.i.e.AbstractTransferListenerAdapter - Downloaded https://repo.maven.apache.org/maven2/org/apache/maven/maven-parent/24/maven-parent-24.pom
2026-01-04 13:11:31,969 [Worker-31: Importing Maven projects] INFO  o.e.m.c.i.e.AbstractTransferListenerAdapter - Downloaded https://repo.maven.apache.org/maven2/org/apache/apache/14/apache-14.pom
2026-01-04 13:11:32,288 [Worker-31: Importing Maven projects] INFO  o.e.m.c.i.e.AbstractTransferListenerAdapter - Downloaded https://repo.maven.apache.org/maven2/org/apache/maven/reporting/maven-reporting-api/2.2.1/maven-reporting-api-2.2.1.pom
2026-01-04 13:11:32,406 [Worker-31: Importing Maven projects] INFO  o.e.m.c.i.e.AbstractTransferListenerAdapter - Downloaded https://repo.maven.apache.org/maven2/org/apache/maven/reporting/maven-reporting/2.2.1/maven-reporting-2.2.1.pom
2026-01-04 13:11:32,806 [Worker-31: Importing Maven projects] INFO  o.e.m.c.i.e.AbstractTransferListenerAdapter - Downloaded https://repo.maven.apache.org/maven2/org/apache/maven/shared/maven-shared-utils/0.7/maven-shared-utils-0.7.pom
2026-01-04 13:11:32,979 [Worker-31: Importing Maven projects] INFO  o.e.m.c.i.e.AbstractTransferListenerAdapter - Downloaded https://repo.maven.apache.org/maven2/org/codehaus/plexus/plexus-archiver/2.8.1/plexus-archiver-2.8.1.pom
2026-01-04 13:11:33,194 [Worker-31: Importing Maven projects] INFO  o.e.m.c.i.e.AbstractTransferListenerAdapter - Downloaded https://repo.maven.apache.org/maven2/org/codehaus/plexus/plexus-components/1.3/plexus-components-1.3.pom
2026-01-04 13:11:33,324 [Worker-31: Importing Maven projects] INFO  o.e.m.c.i.e.AbstractTransferListenerAdapter - Downloaded https://repo.maven.apache.org/maven2/org/codehaus/plexus/plexus/3.3/plexus-3.3.pom
2026-01-04 13:11:33,526 [Worker-31: Importing Maven projects] INFO  o.e.m.c.i.e.AbstractTransferListenerAdapter - Downloaded https://repo.maven.apache.org/maven2/org/codehaus/plexus/plexus-utils/3.0.20/plexus-utils-3.0.20.pom
2026-01-04 13:11:33,776 [Worker-31: Importing Maven projects] INFO  o.e.m.c.i.e.AbstractTransferListenerAdapter - Downloaded https://repo.maven.apache.org/maven2/org/codehaus/plexus/plexus-io/2.3.2/plexus-io-2.3.2.pom
2026-01-04 13:11:33,912 [Worker-31: Importing Maven projects] INFO  o.e.m.c.i.e.AbstractTransferListenerAdapter - Downloaded https://repo.maven.apache.org/maven2/org/codehaus/plexus/plexus-components/1.2/plexus-components-1.2.pom
2026-01-04 13:11:34,068 [Worker-31: Importing Maven projects] INFO  o.e.m.c.i.e.AbstractTransferListenerAdapter - Downloaded https://repo.maven.apache.org/maven2/org/apache/commons/commons-compress/1.9/commons-compress-1.9.pom
2026-01-04 13:11:34,280 [Worker-31: Importing Maven projects] INFO  o.e.m.c.i.e.AbstractTransferListenerAdapter - Downloaded https://repo.maven.apache.org/maven2/org/codehaus/plexus/plexus-interpolation/1.21/plexus-interpolation-1.21.pom
2026-01-04 13:11:34,552 [Worker-31: Importing Maven projects] INFO  o.e.m.c.i.e.AbstractTransferListenerAdapter - Downloaded https://repo.maven.apache.org/maven2/org/apache/maven/shared/maven-dependency-tree/2.1/maven-dependency-tree-2.1.pom
2026-01-04 13:11:34,868 [Worker-31: Importing Maven projects] INFO  o.e.m.c.i.e.AbstractTransferListenerAdapter - Downloaded https://repo.maven.apache.org/maven2/org/eclipse/aether/aether-util/0.9.0.M2/aether-util-0.9.0.M2.pom
2026-01-04 13:11:35,005 [Worker-31: Importing Maven projects] INFO  o.e.m.c.i.e.AbstractTransferListenerAdapter - Downloaded https://repo.maven.apache.org/maven2/org/eclipse/aether/aether/0.9.0.M2/aether-0.9.0.M2.pom
2026-01-04 13:11:35,145 [Worker-31: Importing Maven projects] INFO  o.e.m.c.i.e.AbstractTransferListenerAdapter - Downloaded https://repo.maven.apache.org/maven2/org/codehaus/plexus/plexus-utils/3.0.10/plexus-utils-3.0.10.pom
2026-01-04 13:11:35,406 [Worker-31: Importing Maven projects] INFO  o.e.m.c.i.e.AbstractTransferListenerAdapter - Downloaded https://repo.maven.apache.org/maven2/org/apache/maven/doxia/doxia-sink-api/1.0/doxia-sink-api-1.0.pom
2026-01-04 13:11:35,542 [Worker-31: Importing Maven projects] INFO  o.e.m.c.i.e.AbstractTransferListenerAdapter - Downloaded https://repo.maven.apache.org/maven2/org/apache/maven/doxia/doxia/1.0/doxia-1.0.pom
2026-01-04 13:11:35,692 [Worker-31: Importing Maven projects] INFO  o.e.m.c.i.e.AbstractTransferListenerAdapter - Downloaded https://repo.maven.apache.org/maven2/org/apache/maven/maven-parent/10/maven-parent-10.pom
2026-01-04 13:11:35,848 [Worker-31: Importing Maven projects] INFO  o.e.m.c.i.e.AbstractTransferListenerAdapter - Downloaded https://repo.maven.apache.org/maven2/org/apache/maven/doxia/doxia-site-renderer/1.0/doxia-site-renderer-1.0.pom
2026-01-04 13:11:36,053 [Worker-31: Importing Maven projects] INFO  o.e.m.c.i.e.AbstractTransferListenerAdapter - Downloaded https://repo.maven.apache.org/maven2/org/apache/maven/doxia/doxia-sitetools/1.0/doxia-sitetools-1.0.pom
2026-01-04 13:11:36,190 [Worker-31: Importing Maven projects] INFO  o.e.m.c.i.e.AbstractTransferListenerAdapter - Downloaded https://repo.maven.apache.org/maven2/org/apache/maven/doxia/doxia-core/1.0/doxia-core-1.0.pom
2026-01-04 13:11:36,338 [Worker-31: Importing Maven projects] INFO  o.e.m.c.i.e.AbstractTransferListenerAdapter - Downloaded https://repo.maven.apache.org/maven2/org/codehaus/plexus/plexus-utils/1.5.7/plexus-utils-1.5.7.pom
2026-01-04 13:11:36,454 [Worker-31: Importing Maven projects] INFO  o.e.m.c.i.e.AbstractTransferListenerAdapter - Downloaded https://repo.maven.apache.org/maven2/org/codehaus/plexus/plexus-i18n/1.0-beta-7/plexus-i18n-1.0-beta-7.pom
2026-01-04 13:11:36,699 [Worker-31: Importing Maven projects] INFO  o.e.m.c.i.e.AbstractTransferListenerAdapter - Downloaded https://repo.maven.apache.org/maven2/org/codehaus/plexus/plexus-components/1.1.12/plexus-components-1.1.12.pom
2026-01-04 13:11:36,846 [Worker-31: Importing Maven projects] INFO  o.e.m.c.i.e.AbstractTransferListenerAdapter - Downloaded https://repo.maven.apache.org/maven2/org/codehaus/plexus/plexus-velocity/1.1.7/plexus-velocity-1.1.7.pom
2026-01-04 13:11:37,020 [Worker-31: Importing Maven projects] INFO  o.e.m.c.i.e.AbstractTransferListenerAdapter - Downloaded https://repo.maven.apache.org/maven2/org/codehaus/plexus/plexus-container-default/1.0-alpha-20/plexus-container-default-1.0-alpha-20.pom
2026-01-04 13:11:37,150 [Worker-31: Importing Maven projects] INFO  o.e.m.c.i.e.AbstractTransferListenerAdapter - Downloaded https://repo.maven.apache.org/maven2/org/codehaus/plexus/plexus-containers/1.0-alpha-20/plexus-containers-1.0-alpha-20.pom
2026-01-04 13:11:37,271 [Worker-31: Importing Maven projects] INFO  o.e.m.c.i.e.AbstractTransferListenerAdapter - Downloaded https://repo.maven.apache.org/maven2/org/codehaus/plexus/plexus-utils/1.3/plexus-utils-1.3.pom
2026-01-04 13:11:37,392 [Worker-31: Importing Maven projects] INFO  o.e.m.c.i.e.AbstractTransferListenerAdapter - Downloaded https://repo.maven.apache.org/maven2/org/codehaus/plexus/plexus/1.0.8/plexus-1.0.8.pom
2026-01-04 13:11:37,516 [Worker-31: Importing Maven projects] INFO  o.e.m.c.i.e.AbstractTransferListenerAdapter - Downloaded https://repo.maven.apache.org/maven2/org/codehaus/plexus/plexus-classworlds/1.2-alpha-7/plexus-classworlds-1.2-alpha-7.pom
2026-01-04 13:11:37,701 [Worker-31: Importing Maven projects] INFO  o.e.m.c.i.e.AbstractTransferListenerAdapter - Downloaded https://repo.maven.apache.org/maven2/org/codehaus/plexus/plexus/1.0.9/plexus-1.0.9.pom
2026-01-04 13:11:37,887 [Worker-31: Importing Maven projects] INFO  o.e.m.c.i.e.AbstractTransferListenerAdapter - Downloaded https://repo.maven.apache.org/maven2/org/apache/velocity/velocity/1.5/velocity-1.5.pom
2026-01-04 13:11:38,111 [Worker-31: Importing Maven projects] INFO  o.e.m.c.i.e.AbstractTransferListenerAdapter - Downloaded https://repo.maven.apache.org/maven2/commons-collections/commons-collections/3.1/commons-collections-3.1.pom
2026-01-04 13:11:38,272 [Worker-31: Importing Maven projects] INFO  o.e.m.c.i.e.AbstractTransferListenerAdapter - Downloaded https://repo.maven.apache.org/maven2/commons-lang/commons-lang/2.1/commons-lang-2.1.pom
2026-01-04 13:11:38,427 [Worker-31: Importing Maven projects] INFO  o.e.m.c.i.e.AbstractTransferListenerAdapter - Downloaded https://repo.maven.apache.org/maven2/oro/oro/2.0.8/oro-2.0.8.pom
2026-01-04 13:11:38,565 [Worker-31: Importing Maven projects] INFO  o.e.m.c.i.e.AbstractTransferListenerAdapter - Downloaded https://repo.maven.apache.org/maven2/org/apache/maven/doxia/doxia-decoration-model/1.0/doxia-decoration-model-1.0.pom
2026-01-04 13:11:38,715 [Worker-31: Importing Maven projects] INFO  o.e.m.c.i.e.AbstractTransferListenerAdapter - Downloaded https://repo.maven.apache.org/maven2/commons-collections/commons-collections/3.2/commons-collections-3.2.pom
2026-01-04 13:11:38,855 [Worker-31: Importing Maven projects] INFO  o.e.m.c.i.e.AbstractTransferListenerAdapter - Downloaded https://repo.maven.apache.org/maven2/org/apache/maven/doxia/doxia-module-apt/1.0/doxia-module-apt-1.0.pom
2026-01-04 13:11:38,998 [Worker-31: Importing Maven projects] INFO  o.e.m.c.i.e.AbstractTransferListenerAdapter - Downloaded https://repo.maven.apache.org/maven2/org/apache/maven/doxia/doxia-modules/1.0/doxia-modules-1.0.pom
2026-01-04 13:11:39,132 [Worker-31: Importing Maven projects] INFO  o.e.m.c.i.e.AbstractTransferListenerAdapter - Downloaded https://repo.maven.apache.org/maven2/org/apache/maven/doxia/doxia-module-fml/1.0/doxia-module-fml-1.0.pom
2026-01-04 13:11:39,261 [Worker-31: Importing Maven projects] INFO  o.e.m.c.i.e.AbstractTransferListenerAdapter - Downloaded https://repo.maven.apache.org/maven2/org/apache/maven/doxia/doxia-module-xdoc/1.0/doxia-module-xdoc-1.0.pom
2026-01-04 13:11:39,398 [Worker-31: Importing Maven projects] INFO  o.e.m.c.i.e.AbstractTransferListenerAdapter - Downloaded https://repo.maven.apache.org/maven2/org/apache/maven/doxia/doxia-module-xhtml/1.0/doxia-module-xhtml-1.0.pom
2026-01-04 13:11:39,521 [Worker-31: Importing Maven projects] INFO  o.e.m.c.i.e.AbstractTransferListenerAdapter - Downloaded https://repo.maven.apache.org/maven2/org/jdom/jdom/1.1/jdom-1.1.pom
2026-01-04 13:11:39,602 [AetherRepositoryConnector-repo.maven.apache.org-0-1] INFO  o.e.m.c.i.e.AbstractTransferListenerAdapter - Downloading https://repo.maven.apache.org/maven2/org/osgi/org.osgi.core/4.3.1/org.osgi.core-4.3.1.jar
2026-01-04 13:11:39,660 [AetherRepositoryConnector-repo.maven.apache.org-0-4] INFO  o.e.m.c.i.e.AbstractTransferListenerAdapter - Downloading https://repo.maven.apache.org/maven2/org/easymock/easymock/3.4/easymock-3.4.jar
2026-01-04 13:11:39,660 [AetherRepositoryConnector-repo.maven.apache.org-0-0] INFO  o.e.m.c.i.e.AbstractTransferListenerAdapter - Downloading https://repo.maven.apache.org/maven2/org/apache/felix/maven-bundle-plugin/3.5.0/maven-bundle-plugin-3.5.0.jar
2026-01-04 13:11:39,661 [AetherRepositoryConnector-repo.maven.apache.org-0-2] INFO  o.e.m.c.i.e.AbstractTransferListenerAdapter - Downloading https://repo.maven.apache.org/maven2/biz/aQute/bnd/biz.aQute.bndlib/3.5.0/biz.aQute.bndlib-3.5.0.jar
2026-01-04 13:11:39,661 [AetherRepositoryConnector-repo.maven.apache.org-0-3] INFO  o.e.m.c.i.e.AbstractTransferListenerAdapter - Downloading https://repo.maven.apache.org/maven2/org/apache/felix/org.apache.felix.bundlerepository/1.6.6/org.apache.felix.bundlerepository-1.6.6.jar
2026-01-04 13:11:39,919 [AetherRepositoryConnector-repo.maven.apache.org-0-1] INFO  o.e.m.c.i.e.AbstractTransferListenerAdapter - Downloaded https://repo.maven.apache.org/maven2/org/osgi/org.osgi.core/4.3.1/org.osgi.core-4.3.1.jar
2026-01-04 13:11:39,920 [AetherRepositoryConnector-repo.maven.apache.org-0-3] INFO  o.e.m.c.i.e.AbstractTransferListenerAdapter - Downloaded https://repo.maven.apache.org/maven2/org/apache/felix/org.apache.felix.bundlerepository/1.6.6/org.apache.felix.bundlerepository-1.6.6.jar
2026-01-04 13:11:39,948 [AetherRepositoryConnector-repo.maven.apache.org-0-0] INFO  o.e.m.c.i.e.AbstractTransferListenerAdapter - Downloaded https://repo.maven.apache.org/maven2/org/apache/felix/maven-bundle-plugin/3.5.0/maven-bundle-plugin-3.5.0.jar
2026-01-04 13:11:39,963 [AetherRepositoryConnector-repo.maven.apache.org-0-1] INFO  o.e.m.c.i.e.AbstractTransferListenerAdapter - Downloading https://repo.maven.apache.org/maven2/org/objenesis/objenesis/2.2/objenesis-2.2.jar
2026-01-04 13:11:39,987 [AetherRepositoryConnector-repo.maven.apache.org-0-3] INFO  o.e.m.c.i.e.AbstractTransferListenerAdapter - Downloading https://repo.maven.apache.org/maven2/org/apache/felix/org.apache.felix.utils/1.6.0/org.apache.felix.utils-1.6.0.jar
2026-01-04 13:11:39,993 [AetherRepositoryConnector-repo.maven.apache.org-0-4] INFO  o.e.m.c.i.e.AbstractTransferListenerAdapter - Downloaded https://repo.maven.apache.org/maven2/org/easymock/easymock/3.4/easymock-3.4.jar
2026-01-04 13:11:40,016 [AetherRepositoryConnector-repo.maven.apache.org-0-0] INFO  o.e.m.c.i.e.AbstractTransferListenerAdapter - Downloading https://repo.maven.apache.org/maven2/org/osgi/org.osgi.compendium/4.2.0/org.osgi.compendium-4.2.0.jar
2026-01-04 13:11:40,063 [AetherRepositoryConnector-repo.maven.apache.org-0-4] INFO  o.e.m.c.i.e.AbstractTransferListenerAdapter - Downloading https://repo.maven.apache.org/maven2/org/apache/maven/maven-core/2.2.0/maven-core-2.2.0.jar
2026-01-04 13:11:40,119 [AetherRepositoryConnector-repo.maven.apache.org-0-1] INFO  o.e.m.c.i.e.AbstractTransferListenerAdapter - Downloaded https://repo.maven.apache.org/maven2/org/objenesis/objenesis/2.2/objenesis-2.2.jar
2026-01-04 13:11:40,142 [AetherRepositoryConnector-repo.maven.apache.org-0-3] INFO  o.e.m.c.i.e.AbstractTransferListenerAdapter - Downloaded https://repo.maven.apache.org/maven2/org/apache/felix/org.apache.felix.utils/1.6.0/org.apache.felix.utils-1.6.0.jar
2026-01-04 13:11:40,166 [AetherRepositoryConnector-repo.maven.apache.org-0-1] INFO  o.e.m.c.i.e.AbstractTransferListenerAdapter - Downloading https://repo.maven.apache.org/maven2/org/apache/maven/maven-settings/2.2.0/maven-settings-2.2.0.jar
2026-01-04 13:11:40,171 [AetherRepositoryConnector-repo.maven.apache.org-0-3] INFO  o.e.m.c.i.e.AbstractTransferListenerAdapter - Downloading https://repo.maven.apache.org/maven2/org/apache/maven/maven-plugin-parameter-documenter/2.2.0/maven-plugin-parameter-documenter-2.2.0.jar
2026-01-04 13:11:40,215 [AetherRepositoryConnector-repo.maven.apache.org-0-4] INFO  o.e.m.c.i.e.AbstractTransferListenerAdapter - Downloaded https://repo.maven.apache.org/maven2/org/apache/maven/maven-core/2.2.0/maven-core-2.2.0.jar
2026-01-04 13:11:40,238 [AetherRepositoryConnector-repo.maven.apache.org-0-0] INFO  o.e.m.c.i.e.AbstractTransferListenerAdapter - Downloaded https://repo.maven.apache.org/maven2/org/osgi/org.osgi.compendium/4.2.0/org.osgi.compendium-4.2.0.jar
2026-01-04 13:11:40,272 [AetherRepositoryConnector-repo.maven.apache.org-0-4] INFO  o.e.m.c.i.e.AbstractTransferListenerAdapter - Downloading https://repo.maven.apache.org/maven2/org/apache/maven/reporting/maven-reporting-api/2.2.0/maven-reporting-api-2.2.0.jar
2026-01-04 13:11:40,298 [AetherRepositoryConnector-repo.maven.apache.org-0-2] INFO  o.e.m.c.i.e.AbstractTransferListenerAdapter - Downloaded https://repo.maven.apache.org/maven2/biz/aQute/bnd/biz.aQute.bndlib/3.5.0/biz.aQute.bndlib-3.5.0.jar
2026-01-04 13:11:40,305 [AetherRepositoryConnector-repo.maven.apache.org-0-0] INFO  o.e.m.c.i.e.AbstractTransferListenerAdapter - Downloading https://repo.maven.apache.org/maven2/org/apache/maven/doxia/doxia-logging-api/1.1/doxia-logging-api-1.1.jar
2026-01-04 13:11:40,336 [AetherRepositoryConnector-repo.maven.apache.org-0-2] INFO  o.e.m.c.i.e.AbstractTransferListenerAdapter - Downloading https://repo.maven.apache.org/maven2/org/apache/maven/maven-profile/2.2.0/maven-profile-2.2.0.jar
2026-01-04 13:11:40,425 [AetherRepositoryConnector-repo.maven.apache.org-0-3] INFO  o.e.m.c.i.e.AbstractTransferListenerAdapter - Downloaded https://repo.maven.apache.org/maven2/org/apache/maven/maven-plugin-parameter-documenter/2.2.0/maven-plugin-parameter-documenter-2.2.0.jar
2026-01-04 13:11:40,465 [AetherRepositoryConnector-repo.maven.apache.org-0-3] INFO  o.e.m.c.i.e.AbstractTransferListenerAdapter - Downloading https://repo.maven.apache.org/maven2/org/apache/maven/maven-model/2.2.0/maven-model-2.2.0.jar
2026-01-04 13:11:40,524 [AetherRepositoryConnector-repo.maven.apache.org-0-4] INFO  o.e.m.c.i.e.AbstractTransferListenerAdapter - Downloaded https://repo.maven.apache.org/maven2/org/apache/maven/reporting/maven-reporting-api/2.2.0/maven-reporting-api-2.2.0.jar
2026-01-04 13:11:40,556 [AetherRepositoryConnector-repo.maven.apache.org-0-0] INFO  o.e.m.c.i.e.AbstractTransferListenerAdapter - Downloaded https://repo.maven.apache.org/maven2/org/apache/maven/doxia/doxia-logging-api/1.1/doxia-logging-api-1.1.jar
2026-01-04 13:11:40,556 [AetherRepositoryConnector-repo.maven.apache.org-0-3] INFO  o.e.m.c.i.e.AbstractTransferListenerAdapter - Downloaded https://repo.maven.apache.org/maven2/org/apache/maven/maven-model/2.2.0/maven-model-2.2.0.jar
2026-01-04 13:11:40,570 [AetherRepositoryConnector-repo.maven.apache.org-0-4] INFO  o.e.m.c.i.e.AbstractTransferListenerAdapter - Downloading https://repo.maven.apache.org/maven2/org/apache/maven/maven-artifact/2.2.0/maven-artifact-2.2.0.jar
2026-01-04 13:11:40,600 [AetherRepositoryConnector-repo.maven.apache.org-0-3] INFO  o.e.m.c.i.e.AbstractTransferListenerAdapter - Downloading https://repo.maven.apache.org/maven2/org/apache/maven/maven-repository-metadata/2.2.0/maven-repository-metadata-2.2.0.jar
2026-01-04 13:11:40,605 [AetherRepositoryConnector-repo.maven.apache.org-0-0] INFO  o.e.m.c.i.e.AbstractTransferListenerAdapter - Downloading https://repo.maven.apache.org/maven2/org/apache/maven/maven-error-diagnostics/2.2.0/maven-error-diagnostics-2.2.0.jar
2026-01-04 13:11:40,646 [AetherRepositoryConnector-repo.maven.apache.org-0-4] INFO  o.e.m.c.i.e.AbstractTransferListenerAdapter - Downloaded https://repo.maven.apache.org/maven2/org/apache/maven/maven-artifact/2.2.0/maven-artifact-2.2.0.jar
2026-01-04 13:11:40,688 [AetherRepositoryConnector-repo.maven.apache.org-0-1] INFO  o.e.m.c.i.e.AbstractTransferListenerAdapter - Downloaded https://repo.maven.apache.org/maven2/org/apache/maven/maven-settings/2.2.0/maven-settings-2.2.0.jar
2026-01-04 13:11:40,699 [AetherRepositoryConnector-repo.maven.apache.org-0-4] INFO  o.e.m.c.i.e.AbstractTransferListenerAdapter - Downloading https://repo.maven.apache.org/maven2/org/apache/maven/maven-project/2.2.0/maven-project-2.2.0.jar
2026-01-04 13:11:40,752 [AetherRepositoryConnector-repo.maven.apache.org-0-1] INFO  o.e.m.c.i.e.AbstractTransferListenerAdapter - Downloading https://repo.maven.apache.org/maven2/org/apache/maven/maven-plugin-registry/2.2.0/maven-plugin-registry-2.2.0.jar
2026-01-04 13:11:40,770 [AetherRepositoryConnector-repo.maven.apache.org-0-2] INFO  o.e.m.c.i.e.AbstractTransferListenerAdapter - Downloaded https://repo.maven.apache.org/maven2/org/apache/maven/maven-profile/2.2.0/maven-profile-2.2.0.jar
2026-01-04 13:11:40,806 [AetherRepositoryConnector-repo.maven.apache.org-0-0] INFO  o.e.m.c.i.e.AbstractTransferListenerAdapter - Downloaded https://repo.maven.apache.org/maven2/org/apache/maven/maven-error-diagnostics/2.2.0/maven-error-diagnostics-2.2.0.jar
2026-01-04 13:11:40,812 [AetherRepositoryConnector-repo.maven.apache.org-0-2] INFO  o.e.m.c.i.e.AbstractTransferListenerAdapter - Downloading https://repo.maven.apache.org/maven2/commons-cli/commons-cli/1.2/commons-cli-1.2.jar
2026-01-04 13:11:40,837 [AetherRepositoryConnector-repo.maven.apache.org-0-4] INFO  o.e.m.c.i.e.AbstractTransferListenerAdapter - Downloaded https://repo.maven.apache.org/maven2/org/apache/maven/maven-project/2.2.0/maven-project-2.2.0.jar
2026-01-04 13:11:40,845 [AetherRepositoryConnector-repo.maven.apache.org-0-0] INFO  o.e.m.c.i.e.AbstractTransferListenerAdapter - Downloading https://repo.maven.apache.org/maven2/org/apache/maven/maven-plugin-api/2.2.0/maven-plugin-api-2.2.0.jar
2026-01-04 13:11:40,850 [AetherRepositoryConnector-repo.maven.apache.org-0-3] INFO  o.e.m.c.i.e.AbstractTransferListenerAdapter - Downloaded https://repo.maven.apache.org/maven2/org/apache/maven/maven-repository-metadata/2.2.0/maven-repository-metadata-2.2.0.jar
2026-01-04 13:11:40,879 [AetherRepositoryConnector-repo.maven.apache.org-0-4] INFO  o.e.m.c.i.e.AbstractTransferListenerAdapter - Downloading https://repo.maven.apache.org/maven2/org/apache/maven/maven-plugin-descriptor/2.2.0/maven-plugin-descriptor-2.2.0.jar
2026-01-04 13:11:40,921 [AetherRepositoryConnector-repo.maven.apache.org-0-3] INFO  o.e.m.c.i.e.AbstractTransferListenerAdapter - Downloading https://repo.maven.apache.org/maven2/org/apache/maven/maven-artifact-manager/2.2.0/maven-artifact-manager-2.2.0.jar
2026-01-04 13:11:41,010 [AetherRepositoryConnector-repo.maven.apache.org-0-3] INFO  o.e.m.c.i.e.AbstractTransferListenerAdapter - Downloaded https://repo.maven.apache.org/maven2/org/apache/maven/maven-artifact-manager/2.2.0/maven-artifact-manager-2.2.0.jar
2026-01-04 13:11:41,043 [AetherRepositoryConnector-repo.maven.apache.org-0-3] INFO  o.e.m.c.i.e.AbstractTransferListenerAdapter - Downloading https://repo.maven.apache.org/maven2/org/apache/maven/maven-monitor/2.2.0/maven-monitor-2.2.0.jar
2026-01-04 13:11:41,100 [AetherRepositoryConnector-repo.maven.apache.org-0-1] INFO  o.e.m.c.i.e.AbstractTransferListenerAdapter - Downloaded https://repo.maven.apache.org/maven2/org/apache/maven/maven-plugin-registry/2.2.0/maven-plugin-registry-2.2.0.jar
2026-01-04 13:11:41,104 [AetherRepositoryConnector-repo.maven.apache.org-0-0] INFO  o.e.m.c.i.e.AbstractTransferListenerAdapter - Downloaded https://repo.maven.apache.org/maven2/org/apache/maven/maven-plugin-api/2.2.0/maven-plugin-api-2.2.0.jar
2026-01-04 13:11:41,144 [AetherRepositoryConnector-repo.maven.apache.org-0-1] INFO  o.e.m.c.i.e.AbstractTransferListenerAdapter - Downloading https://repo.maven.apache.org/maven2/org/apache/maven/maven-archiver/2.6/maven-archiver-2.6.jar
2026-01-04 13:11:41,184 [AetherRepositoryConnector-repo.maven.apache.org-0-0] INFO  o.e.m.c.i.e.AbstractTransferListenerAdapter - Downloading https://repo.maven.apache.org/maven2/org/apache/maven/shared/maven-shared-utils/0.7/maven-shared-utils-0.7.jar
2026-01-04 13:11:41,247 [AetherRepositoryConnector-repo.maven.apache.org-0-3] INFO  o.e.m.c.i.e.AbstractTransferListenerAdapter - Downloaded https://repo.maven.apache.org/maven2/org/apache/maven/maven-monitor/2.2.0/maven-monitor-2.2.0.jar
2026-01-04 13:11:41,247 [AetherRepositoryConnector-repo.maven.apache.org-0-2] INFO  o.e.m.c.i.e.AbstractTransferListenerAdapter - Downloaded https://repo.maven.apache.org/maven2/commons-cli/commons-cli/1.2/commons-cli-1.2.jar
2026-01-04 13:11:41,263 [AetherRepositoryConnector-repo.maven.apache.org-0-4] INFO  o.e.m.c.i.e.AbstractTransferListenerAdapter - Downloaded https://repo.maven.apache.org/maven2/org/apache/maven/maven-plugin-descriptor/2.2.0/maven-plugin-descriptor-2.2.0.jar
2026-01-04 13:11:41,280 [AetherRepositoryConnector-repo.maven.apache.org-0-0] INFO  o.e.m.c.i.e.AbstractTransferListenerAdapter - Downloaded https://repo.maven.apache.org/maven2/org/apache/maven/shared/maven-shared-utils/0.7/maven-shared-utils-0.7.jar
2026-01-04 13:11:41,296 [AetherRepositoryConnector-repo.maven.apache.org-0-2] INFO  o.e.m.c.i.e.AbstractTransferListenerAdapter - Downloading https://repo.maven.apache.org/maven2/org/codehaus/plexus/plexus-io/2.3.2/plexus-io-2.3.2.jar
2026-01-04 13:11:41,307 [AetherRepositoryConnector-repo.maven.apache.org-0-4] INFO  o.e.m.c.i.e.AbstractTransferListenerAdapter - Downloading https://repo.maven.apache.org/maven2/org/apache/commons/commons-compress/1.9/commons-compress-1.9.jar
2026-01-04 13:11:41,330 [AetherRepositoryConnector-repo.maven.apache.org-0-3] INFO  o.e.m.c.i.e.AbstractTransferListenerAdapter - Downloading https://repo.maven.apache.org/maven2/org/codehaus/plexus/plexus-archiver/2.8.1/plexus-archiver-2.8.1.jar
2026-01-04 13:11:41,368 [AetherRepositoryConnector-repo.maven.apache.org-0-0] INFO  o.e.m.c.i.e.AbstractTransferListenerAdapter - Downloading https://repo.maven.apache.org/maven2/org/codehaus/plexus/plexus-interpolation/1.21/plexus-interpolation-1.21.jar
2026-01-04 13:11:41,415 [AetherRepositoryConnector-repo.maven.apache.org-0-2] INFO  o.e.m.c.i.e.AbstractTransferListenerAdapter - Downloaded https://repo.maven.apache.org/maven2/org/codehaus/plexus/plexus-io/2.3.2/plexus-io-2.3.2.jar
2026-01-04 13:11:41,421 [AetherRepositoryConnector-repo.maven.apache.org-0-1] INFO  o.e.m.c.i.e.AbstractTransferListenerAdapter - Downloaded https://repo.maven.apache.org/maven2/org/apache/maven/maven-archiver/2.6/maven-archiver-2.6.jar
2026-01-04 13:11:41,459 [AetherRepositoryConnector-repo.maven.apache.org-0-3] INFO  o.e.m.c.i.e.AbstractTransferListenerAdapter - Downloaded https://repo.maven.apache.org/maven2/org/codehaus/plexus/plexus-archiver/2.8.1/plexus-archiver-2.8.1.jar
2026-01-04 13:11:41,459 [AetherRepositoryConnector-repo.maven.apache.org-0-4] INFO  o.e.m.c.i.e.AbstractTransferListenerAdapter - Downloaded https://repo.maven.apache.org/maven2/org/apache/commons/commons-compress/1.9/commons-compress-1.9.jar
2026-01-04 13:11:41,460 [AetherRepositoryConnector-repo.maven.apache.org-0-0] INFO  o.e.m.c.i.e.AbstractTransferListenerAdapter - Downloaded https://repo.maven.apache.org/maven2/org/codehaus/plexus/plexus-interpolation/1.21/plexus-interpolation-1.21.jar
2026-01-04 13:11:41,466 [AetherRepositoryConnector-repo.maven.apache.org-0-1] INFO  o.e.m.c.i.e.AbstractTransferListenerAdapter - Downloading https://repo.maven.apache.org/maven2/org/eclipse/aether/aether-util/0.9.0.M2/aether-util-0.9.0.M2.jar
2026-01-04 13:11:41,488 [AetherRepositoryConnector-repo.maven.apache.org-0-2] INFO  o.e.m.c.i.e.AbstractTransferListenerAdapter - Downloading https://repo.maven.apache.org/maven2/org/apache/maven/shared/maven-dependency-tree/2.1/maven-dependency-tree-2.1.jar
2026-01-04 13:11:41,495 [AetherRepositoryConnector-repo.maven.apache.org-0-4] INFO  o.e.m.c.i.e.AbstractTransferListenerAdapter - Downloading https://repo.maven.apache.org/maven2/org/apache/maven/doxia/doxia-sink-api/1.0/doxia-sink-api-1.0.jar
2026-01-04 13:11:41,505 [AetherRepositoryConnector-repo.maven.apache.org-0-0] INFO  o.e.m.c.i.e.AbstractTransferListenerAdapter - Downloading https://repo.maven.apache.org/maven2/org/apache/maven/doxia/doxia-site-renderer/1.0/doxia-site-renderer-1.0.jar
2026-01-04 13:11:41,515 [AetherRepositoryConnector-repo.maven.apache.org-0-3] INFO  o.e.m.c.i.e.AbstractTransferListenerAdapter - Downloading https://repo.maven.apache.org/maven2/org/codehaus/plexus/plexus-utils/3.0.10/plexus-utils-3.0.10.jar
2026-01-04 13:11:41,569 [AetherRepositoryConnector-repo.maven.apache.org-0-1] INFO  o.e.m.c.i.e.AbstractTransferListenerAdapter - Downloaded https://repo.maven.apache.org/maven2/org/eclipse/aether/aether-util/0.9.0.M2/aether-util-0.9.0.M2.jar
2026-01-04 13:11:41,594 [AetherRepositoryConnector-repo.maven.apache.org-0-2] INFO  o.e.m.c.i.e.AbstractTransferListenerAdapter - Downloaded https://repo.maven.apache.org/maven2/org/apache/maven/shared/maven-dependency-tree/2.1/maven-dependency-tree-2.1.jar
2026-01-04 13:11:41,602 [AetherRepositoryConnector-repo.maven.apache.org-0-1] INFO  o.e.m.c.i.e.AbstractTransferListenerAdapter - Downloading https://repo.maven.apache.org/maven2/org/apache/maven/doxia/doxia-core/1.0/doxia-core-1.0.jar
2026-01-04 13:11:41,614 [AetherRepositoryConnector-repo.maven.apache.org-0-3] INFO  o.e.m.c.i.e.AbstractTransferListenerAdapter - Downloaded https://repo.maven.apache.org/maven2/org/codehaus/plexus/plexus-utils/3.0.10/plexus-utils-3.0.10.jar
2026-01-04 13:11:41,697 [AetherRepositoryConnector-repo.maven.apache.org-0-3] INFO  o.e.m.c.i.e.AbstractTransferListenerAdapter - Downloading https://repo.maven.apache.org/maven2/org/codehaus/plexus/plexus-velocity/1.1.7/plexus-velocity-1.1.7.jar
2026-01-04 13:11:41,697 [AetherRepositoryConnector-repo.maven.apache.org-0-2] INFO  o.e.m.c.i.e.AbstractTransferListenerAdapter - Downloading https://repo.maven.apache.org/maven2/org/codehaus/plexus/plexus-i18n/1.0-beta-7/plexus-i18n-1.0-beta-7.jar
2026-01-04 13:11:41,726 [AetherRepositoryConnector-repo.maven.apache.org-0-4] INFO  o.e.m.c.i.e.AbstractTransferListenerAdapter - Downloaded https://repo.maven.apache.org/maven2/org/apache/maven/doxia/doxia-sink-api/1.0/doxia-sink-api-1.0.jar
2026-01-04 13:11:41,733 [AetherRepositoryConnector-repo.maven.apache.org-0-1] INFO  o.e.m.c.i.e.AbstractTransferListenerAdapter - Downloaded https://repo.maven.apache.org/maven2/org/apache/maven/doxia/doxia-core/1.0/doxia-core-1.0.jar
2026-01-04 13:11:41,761 [AetherRepositoryConnector-repo.maven.apache.org-0-4] INFO  o.e.m.c.i.e.AbstractTransferListenerAdapter - Downloading https://repo.maven.apache.org/maven2/org/apache/velocity/velocity/1.5/velocity-1.5.jar
2026-01-04 13:11:41,804 [AetherRepositoryConnector-repo.maven.apache.org-0-1] INFO  o.e.m.c.i.e.AbstractTransferListenerAdapter - Downloading https://repo.maven.apache.org/maven2/commons-lang/commons-lang/2.1/commons-lang-2.1.jar
2026-01-04 13:11:41,885 [AetherRepositoryConnector-repo.maven.apache.org-0-3] INFO  o.e.m.c.i.e.AbstractTransferListenerAdapter - Downloaded https://repo.maven.apache.org/maven2/org/codehaus/plexus/plexus-velocity/1.1.7/plexus-velocity-1.1.7.jar
2026-01-04 13:11:41,916 [AetherRepositoryConnector-repo.maven.apache.org-0-1] INFO  o.e.m.c.i.e.AbstractTransferListenerAdapter - Downloaded https://repo.maven.apache.org/maven2/commons-lang/commons-lang/2.1/commons-lang-2.1.jar
2026-01-04 13:11:41,921 [AetherRepositoryConnector-repo.maven.apache.org-0-4] INFO  o.e.m.c.i.e.AbstractTransferListenerAdapter - Downloaded https://repo.maven.apache.org/maven2/org/apache/velocity/velocity/1.5/velocity-1.5.jar
2026-01-04 13:11:41,930 [AetherRepositoryConnector-repo.maven.apache.org-0-3] INFO  o.e.m.c.i.e.AbstractTransferListenerAdapter - Downloading https://repo.maven.apache.org/maven2/oro/oro/2.0.8/oro-2.0.8.jar
2026-01-04 13:11:41,940 [AetherRepositoryConnector-repo.maven.apache.org-0-2] INFO  o.e.m.c.i.e.AbstractTransferListenerAdapter - Downloaded https://repo.maven.apache.org/maven2/org/codehaus/plexus/plexus-i18n/1.0-beta-7/plexus-i18n-1.0-beta-7.jar
2026-01-04 13:11:41,944 [AetherRepositoryConnector-repo.maven.apache.org-0-1] INFO  o.e.m.c.i.e.AbstractTransferListenerAdapter - Downloading https://repo.maven.apache.org/maven2/org/apache/maven/doxia/doxia-decoration-model/1.0/doxia-decoration-model-1.0.jar
2026-01-04 13:11:41,964 [AetherRepositoryConnector-repo.maven.apache.org-0-4] INFO  o.e.m.c.i.e.AbstractTransferListenerAdapter - Downloading https://repo.maven.apache.org/maven2/commons-collections/commons-collections/3.2/commons-collections-3.2.jar
2026-01-04 13:11:41,982 [AetherRepositoryConnector-repo.maven.apache.org-0-2] INFO  o.e.m.c.i.e.AbstractTransferListenerAdapter - Downloading https://repo.maven.apache.org/maven2/org/apache/maven/doxia/doxia-module-apt/1.0/doxia-module-apt-1.0.jar
2026-01-04 13:11:42,090 [AetherRepositoryConnector-repo.maven.apache.org-0-3] INFO  o.e.m.c.i.e.AbstractTransferListenerAdapter - Downloaded https://repo.maven.apache.org/maven2/oro/oro/2.0.8/oro-2.0.8.jar
2026-01-04 13:11:42,095 [AetherRepositoryConnector-repo.maven.apache.org-0-0] INFO  o.e.m.c.i.e.AbstractTransferListenerAdapter - Downloaded https://repo.maven.apache.org/maven2/org/apache/maven/doxia/doxia-site-renderer/1.0/doxia-site-renderer-1.0.jar
2026-01-04 13:11:42,134 [AetherRepositoryConnector-repo.maven.apache.org-0-4] INFO  o.e.m.c.i.e.AbstractTransferListenerAdapter - Downloaded https://repo.maven.apache.org/maven2/commons-collections/commons-collections/3.2/commons-collections-3.2.jar
2026-01-04 13:11:42,150 [AetherRepositoryConnector-repo.maven.apache.org-0-3] INFO  o.e.m.c.i.e.AbstractTransferListenerAdapter - Downloading https://repo.maven.apache.org/maven2/org/apache/maven/doxia/doxia-module-fml/1.0/doxia-module-fml-1.0.jar
2026-01-04 13:11:42,150 [AetherRepositoryConnector-repo.maven.apache.org-0-0] INFO  o.e.m.c.i.e.AbstractTransferListenerAdapter - Downloading https://repo.maven.apache.org/maven2/org/apache/maven/doxia/doxia-module-xdoc/1.0/doxia-module-xdoc-1.0.jar
2026-01-04 13:11:42,191 [AetherRepositoryConnector-repo.maven.apache.org-0-4] INFO  o.e.m.c.i.e.AbstractTransferListenerAdapter - Downloading https://repo.maven.apache.org/maven2/org/apache/maven/doxia/doxia-module-xhtml/1.0/doxia-module-xhtml-1.0.jar
2026-01-04 13:11:42,414 [AetherRepositoryConnector-repo.maven.apache.org-0-3] INFO  o.e.m.c.i.e.AbstractTransferListenerAdapter - Downloaded https://repo.maven.apache.org/maven2/org/apache/maven/doxia/doxia-module-fml/1.0/doxia-module-fml-1.0.jar
2026-01-04 13:11:42,445 [AetherRepositoryConnector-repo.maven.apache.org-0-1] INFO  o.e.m.c.i.e.AbstractTransferListenerAdapter - Downloaded https://repo.maven.apache.org/maven2/org/apache/maven/doxia/doxia-decoration-model/1.0/doxia-decoration-model-1.0.jar
2026-01-04 13:11:42,457 [AetherRepositoryConnector-repo.maven.apache.org-0-3] INFO  o.e.m.c.i.e.AbstractTransferListenerAdapter - Downloading https://repo.maven.apache.org/maven2/org/jdom/jdom/1.1/jdom-1.1.jar
2026-01-04 13:11:42,512 [AetherRepositoryConnector-repo.maven.apache.org-0-0] INFO  o.e.m.c.i.e.AbstractTransferListenerAdapter - Downloaded https://repo.maven.apache.org/maven2/org/apache/maven/doxia/doxia-module-xdoc/1.0/doxia-module-xdoc-1.0.jar
2026-01-04 13:11:42,514 [AetherRepositoryConnector-repo.maven.apache.org-0-4] INFO  o.e.m.c.i.e.AbstractTransferListenerAdapter - Downloaded https://repo.maven.apache.org/maven2/org/apache/maven/doxia/doxia-module-xhtml/1.0/doxia-module-xhtml-1.0.jar
2026-01-04 13:11:42,541 [AetherRepositoryConnector-repo.maven.apache.org-0-3] INFO  o.e.m.c.i.e.AbstractTransferListenerAdapter - Downloaded https://repo.maven.apache.org/maven2/org/jdom/jdom/1.1/jdom-1.1.jar
2026-01-04 13:11:42,566 [AetherRepositoryConnector-repo.maven.apache.org-0-2] INFO  o.e.m.c.i.e.AbstractTransferListenerAdapter - Downloaded https://repo.maven.apache.org/maven2/org/apache/maven/doxia/doxia-module-apt/1.0/doxia-module-apt-1.0.jar
2026-01-04 13:11:47,236 [Worker-31: Importing Maven projects] INFO  o.e.m.c.i.e.AbstractTransferListenerAdapter - Downloaded https://repo.maven.apache.org/maven2/org/sonatype/plugins/nexus-staging-maven-plugin/1.6.7/nexus-staging-maven-plugin-1.6.7.pom
2026-01-04 13:11:47,369 [Worker-31: Importing Maven projects] INFO  o.e.m.c.i.e.AbstractTransferListenerAdapter - Downloaded https://repo.maven.apache.org/maven2/org/sonatype/nexus/maven/nexus-staging/1.6.7/nexus-staging-1.6.7.pom
2026-01-04 13:11:47,505 [Worker-31: Importing Maven projects] INFO  o.e.m.c.i.e.AbstractTransferListenerAdapter - Downloaded https://repo.maven.apache.org/maven2/org/sonatype/nexus/maven/nexus-maven-plugins/1.6.7/nexus-maven-plugins-1.6.7.pom
2026-01-04 13:11:47,668 [Worker-31: Importing Maven projects] INFO  o.e.m.c.i.e.AbstractTransferListenerAdapter - Downloaded https://repo.maven.apache.org/maven2/org/sonatype/buildsupport/public-parent/6/public-parent-6.pom
2026-01-04 13:11:47,802 [Worker-31: Importing Maven projects] INFO  o.e.m.c.i.e.AbstractTransferListenerAdapter - Downloaded https://repo.maven.apache.org/maven2/org/sonatype/buildsupport/buildsupport/6/buildsupport-6.pom
2026-01-04 13:11:47,938 [Worker-31: Importing Maven projects] INFO  o.e.m.c.i.e.AbstractTransferListenerAdapter - Downloaded https://repo.maven.apache.org/maven2/org/sonatype/nexus/maven/nexus-common/1.6.7/nexus-common-1.6.7.pom
2026-01-04 13:11:48,112 [Worker-31: Importing Maven projects] INFO  o.e.m.c.i.e.AbstractTransferListenerAdapter - Downloaded https://repo.maven.apache.org/maven2/org/sonatype/plexus/plexus-sec-dispatcher/1.4/plexus-sec-dispatcher-1.4.pom
2026-01-04 13:11:48,248 [Worker-31: Importing Maven projects] INFO  o.e.m.c.i.e.AbstractTransferListenerAdapter - Downloaded https://repo.maven.apache.org/maven2/org/sonatype/plexus/plexus-cipher/1.7/plexus-cipher-1.7.pom
2026-01-04 13:11:48,379 [Worker-31: Importing Maven projects] INFO  o.e.m.c.i.e.AbstractTransferListenerAdapter - Downloaded https://repo.maven.apache.org/maven2/com/google/guava/guava/14.0.1/guava-14.0.1.pom
2026-01-04 13:11:48,527 [Worker-31: Importing Maven projects] INFO  o.e.m.c.i.e.AbstractTransferListenerAdapter - Downloaded https://repo.maven.apache.org/maven2/com/google/guava/guava-parent/14.0.1/guava-parent-14.0.1.pom
2026-01-04 13:11:48,671 [Worker-31: Importing Maven projects] INFO  o.e.m.c.i.e.AbstractTransferListenerAdapter - Downloaded https://repo.maven.apache.org/maven2/org/sonatype/nexus/nexus-client-core/2.9.1-02/nexus-client-core-2.9.1-02.pom
2026-01-04 13:11:48,809 [Worker-31: Importing Maven projects] INFO  o.e.m.c.i.e.AbstractTransferListenerAdapter - Downloaded https://repo.maven.apache.org/maven2/org/sonatype/nexus/nexus-components/2.9.1-02/nexus-components-2.9.1-02.pom
2026-01-04 13:11:48,931 [Worker-31: Importing Maven projects] INFO  o.e.m.c.i.e.AbstractTransferListenerAdapter - Downloaded https://repo.maven.apache.org/maven2/org/sonatype/nexus/nexus-oss/2.9.1-02/nexus-oss-2.9.1-02.pom
2026-01-04 13:11:49,205 [Worker-31: Importing Maven projects] INFO  o.e.m.c.i.e.AbstractTransferListenerAdapter - Downloaded https://repo.maven.apache.org/maven2/org/sonatype/nexus/buildsupport/nexus-buildsupport-all/2.9.1-02/nexus-buildsupport-all-2.9.1-02.pom
2026-01-04 13:11:49,358 [Worker-31: Importing Maven projects] INFO  o.e.m.c.i.e.AbstractTransferListenerAdapter - Downloaded https://repo.maven.apache.org/maven2/org/sonatype/nexus/buildsupport/nexus-buildsupport/2.9.1-02/nexus-buildsupport-2.9.1-02.pom
2026-01-04 13:11:51,197 [Worker-31: Importing Maven projects] INFO  o.e.m.c.i.e.AbstractTransferListenerAdapter - Downloading https://repository.sonatype.org/content/groups/sonatype-public-grid/org/sonatype/nexus/buildsupport/nexus-buildsupport-commons/2.9.1-02/nexus-buildsupport-commons-2.9.1-02.pom
2026-01-04 13:11:51,587 [Worker-31: Importing Maven projects] INFO  o.e.m.c.i.e.AbstractTransferListenerAdapter - Downloaded https://repository.sonatype.org/content/groups/sonatype-public-grid/org/sonatype/nexus/buildsupport/nexus-buildsupport-commons/2.9.1-02/nexus-buildsupport-commons-2.9.1-02.pom
2026-01-04 13:11:51,864 [Worker-31: Importing Maven projects] INFO  o.e.m.c.i.e.AbstractTransferListenerAdapter - Downloading https://repository.sonatype.org/content/groups/sonatype-public-grid/org/sonatype/nexus/buildsupport/nexus-buildsupport-db/2.9.1-02/nexus-buildsupport-db-2.9.1-02.pom
2026-01-04 13:11:52,213 [Worker-31: Importing Maven projects] INFO  o.e.m.c.i.e.AbstractTransferListenerAdapter - Downloaded https://repository.sonatype.org/content/groups/sonatype-public-grid/org/sonatype/nexus/buildsupport/nexus-buildsupport-db/2.9.1-02/nexus-buildsupport-db-2.9.1-02.pom
2026-01-04 13:11:52,581 [Worker-31: Importing Maven projects] INFO  o.e.m.c.i.e.AbstractTransferListenerAdapter - Downloading https://repository.sonatype.org/content/groups/sonatype-public-grid/org/sonatype/nexus/buildsupport/nexus-buildsupport-httpclient/2.9.1-02/nexus-buildsupport-httpclient-2.9.1-02.pom
2026-01-04 13:11:52,899 [Worker-31: Importing Maven projects] INFO  o.e.m.c.i.e.AbstractTransferListenerAdapter - Downloaded https://repository.sonatype.org/content/groups/sonatype-public-grid/org/sonatype/nexus/buildsupport/nexus-buildsupport-httpclient/2.9.1-02/nexus-buildsupport-httpclient-2.9.1-02.pom
2026-01-04 13:11:53,204 [Worker-31: Importing Maven projects] INFO  o.e.m.c.i.e.AbstractTransferListenerAdapter - Downloading https://repository.sonatype.org/content/groups/sonatype-public-grid/org/sonatype/nexus/buildsupport/nexus-buildsupport-maven/2.9.1-02/nexus-buildsupport-maven-2.9.1-02.pom
2026-01-04 13:11:53,540 [Worker-31: Importing Maven projects] INFO  o.e.m.c.i.e.AbstractTransferListenerAdapter - Downloaded https://repository.sonatype.org/content/groups/sonatype-public-grid/org/sonatype/nexus/buildsupport/nexus-buildsupport-maven/2.9.1-02/nexus-buildsupport-maven-2.9.1-02.pom
2026-01-04 13:11:53,816 [Worker-31: Importing Maven projects] INFO  o.e.m.c.i.e.AbstractTransferListenerAdapter - Downloading https://repository.sonatype.org/content/groups/sonatype-public-grid/org/sonatype/nexus/buildsupport/nexus-buildsupport-shiro/2.9.1-02/nexus-buildsupport-shiro-2.9.1-02.pom
2026-01-04 13:11:54,157 [Worker-31: Importing Maven projects] INFO  o.e.m.c.i.e.AbstractTransferListenerAdapter - Downloaded https://repository.sonatype.org/content/groups/sonatype-public-grid/org/sonatype/nexus/buildsupport/nexus-buildsupport-shiro/2.9.1-02/nexus-buildsupport-shiro-2.9.1-02.pom
2026-01-04 13:11:54,453 [Worker-31: Importing Maven projects] INFO  o.e.m.c.i.e.AbstractTransferListenerAdapter - Downloading https://repository.sonatype.org/content/groups/sonatype-public-grid/org/sonatype/nexus/buildsupport/nexus-buildsupport-bouncycastle/2.9.1-02/nexus-buildsupport-bouncycastle-2.9.1-02.pom
2026-01-04 13:11:54,864 [Worker-31: Importing Maven projects] INFO  o.e.m.c.i.e.AbstractTransferListenerAdapter - Downloaded https://repository.sonatype.org/content/groups/sonatype-public-grid/org/sonatype/nexus/buildsupport/nexus-buildsupport-bouncycastle/2.9.1-02/nexus-buildsupport-bouncycastle-2.9.1-02.pom
2026-01-04 13:11:55,143 [Worker-31: Importing Maven projects] INFO  o.e.m.c.i.e.AbstractTransferListenerAdapter - Downloading https://repository.sonatype.org/content/groups/sonatype-public-grid/org/sonatype/nexus/buildsupport/nexus-buildsupport-jetty/2.9.1-02/nexus-buildsupport-jetty-2.9.1-02.pom
2026-01-04 13:11:55,487 [Worker-31: Importing Maven projects] INFO  o.e.m.c.i.e.AbstractTransferListenerAdapter - Downloaded https://repository.sonatype.org/content/groups/sonatype-public-grid/org/sonatype/nexus/buildsupport/nexus-buildsupport-jetty/2.9.1-02/nexus-buildsupport-jetty-2.9.1-02.pom
2026-01-04 13:11:55,862 [Worker-31: Importing Maven projects] INFO  o.e.m.c.i.e.AbstractTransferListenerAdapter - Downloading https://repository.sonatype.org/content/groups/sonatype-public-grid/org/sonatype/nexus/buildsupport/nexus-buildsupport-goodies/2.9.1-02/nexus-buildsupport-goodies-2.9.1-02.pom
2026-01-04 13:11:56,298 [Worker-31: Importing Maven projects] INFO  o.e.m.c.i.e.AbstractTransferListenerAdapter - Downloaded https://repository.sonatype.org/content/groups/sonatype-public-grid/org/sonatype/nexus/buildsupport/nexus-buildsupport-goodies/2.9.1-02/nexus-buildsupport-goodies-2.9.1-02.pom
2026-01-04 13:11:56,584 [Worker-31: Importing Maven projects] INFO  o.e.m.c.i.e.AbstractTransferListenerAdapter - Downloading https://repository.sonatype.org/content/groups/sonatype-public-grid/org/sonatype/nexus/buildsupport/nexus-buildsupport-groovy/2.9.1-02/nexus-buildsupport-groovy-2.9.1-02.pom
2026-01-04 13:11:57,013 [Worker-31: Importing Maven projects] INFO  o.e.m.c.i.e.AbstractTransferListenerAdapter - Downloaded https://repository.sonatype.org/content/groups/sonatype-public-grid/org/sonatype/nexus/buildsupport/nexus-buildsupport-groovy/2.9.1-02/nexus-buildsupport-groovy-2.9.1-02.pom
2026-01-04 13:11:57,291 [Worker-31: Importing Maven projects] INFO  o.e.m.c.i.e.AbstractTransferListenerAdapter - Downloading https://repository.sonatype.org/content/groups/sonatype-public-grid/org/sonatype/nexus/buildsupport/nexus-buildsupport-guice/2.9.1-02/nexus-buildsupport-guice-2.9.1-02.pom
2026-01-04 13:11:57,631 [Worker-31: Importing Maven projects] INFO  o.e.m.c.i.e.AbstractTransferListenerAdapter - Downloaded https://repository.sonatype.org/content/groups/sonatype-public-grid/org/sonatype/nexus/buildsupport/nexus-buildsupport-guice/2.9.1-02/nexus-buildsupport-guice-2.9.1-02.pom
2026-01-04 13:11:57,906 [Worker-31: Importing Maven projects] INFO  o.e.m.c.i.e.AbstractTransferListenerAdapter - Downloading https://repository.sonatype.org/content/groups/sonatype-public-grid/org/sonatype/nexus/buildsupport/nexus-buildsupport-logging/2.9.1-02/nexus-buildsupport-logging-2.9.1-02.pom
2026-01-04 13:11:58,237 [Worker-31: Importing Maven projects] INFO  o.e.m.c.i.e.AbstractTransferListenerAdapter - Downloaded https://repository.sonatype.org/content/groups/sonatype-public-grid/org/sonatype/nexus/buildsupport/nexus-buildsupport-logging/2.9.1-02/nexus-buildsupport-logging-2.9.1-02.pom
2026-01-04 13:11:58,530 [Worker-31: Importing Maven projects] INFO  o.e.m.c.i.e.AbstractTransferListenerAdapter - Downloading https://repository.sonatype.org/content/groups/sonatype-public-grid/org/sonatype/nexus/buildsupport/nexus-buildsupport-osgi/2.9.1-02/nexus-buildsupport-osgi-2.9.1-02.pom
2026-01-04 13:11:58,842 [Worker-31: Importing Maven projects] INFO  o.e.m.c.i.e.AbstractTransferListenerAdapter - Downloaded https://repository.sonatype.org/content/groups/sonatype-public-grid/org/sonatype/nexus/buildsupport/nexus-buildsupport-osgi/2.9.1-02/nexus-buildsupport-osgi-2.9.1-02.pom
2026-01-04 13:11:59,144 [Worker-31: Importing Maven projects] INFO  o.e.m.c.i.e.AbstractTransferListenerAdapter - Downloading https://repository.sonatype.org/content/groups/sonatype-public-grid/org/sonatype/nexus/buildsupport/nexus-buildsupport-other/2.9.1-02/nexus-buildsupport-other-2.9.1-02.pom
2026-01-04 13:11:59,479 [Worker-31: Importing Maven projects] INFO  o.e.m.c.i.e.AbstractTransferListenerAdapter - Downloaded https://repository.sonatype.org/content/groups/sonatype-public-grid/org/sonatype/nexus/buildsupport/nexus-buildsupport-other/2.9.1-02/nexus-buildsupport-other-2.9.1-02.pom
2026-01-04 13:11:59,863 [Worker-31: Importing Maven projects] INFO  o.e.m.c.i.e.AbstractTransferListenerAdapter - Downloading https://repository.sonatype.org/content/groups/sonatype-public-grid/org/sonatype/nexus/buildsupport/nexus-buildsupport-plexus/2.9.1-02/nexus-buildsupport-plexus-2.9.1-02.pom
2026-01-04 13:12:00,188 [Worker-31: Importing Maven projects] INFO  o.e.m.c.i.e.AbstractTransferListenerAdapter - Downloaded https://repository.sonatype.org/content/groups/sonatype-public-grid/org/sonatype/nexus/buildsupport/nexus-buildsupport-plexus/2.9.1-02/nexus-buildsupport-plexus-2.9.1-02.pom
2026-01-04 13:12:00,466 [Worker-31: Importing Maven projects] INFO  o.e.m.c.i.e.AbstractTransferListenerAdapter - Downloading https://repository.sonatype.org/content/groups/sonatype-public-grid/org/sonatype/nexus/buildsupport/nexus-buildsupport-rest/2.9.1-02/nexus-buildsupport-rest-2.9.1-02.pom
2026-01-04 13:12:00,804 [Worker-31: Importing Maven projects] INFO  o.e.m.c.i.e.AbstractTransferListenerAdapter - Downloaded https://repository.sonatype.org/content/groups/sonatype-public-grid/org/sonatype/nexus/buildsupport/nexus-buildsupport-rest/2.9.1-02/nexus-buildsupport-rest-2.9.1-02.pom
2026-01-04 13:12:01,092 [Worker-31: Importing Maven projects] INFO  o.e.m.c.i.e.AbstractTransferListenerAdapter - Downloading https://repository.sonatype.org/content/groups/sonatype-public-grid/org/sonatype/nexus/buildsupport/nexus-buildsupport-testing/2.9.1-02/nexus-buildsupport-testing-2.9.1-02.pom
2026-01-04 13:12:01,422 [Worker-31: Importing Maven projects] INFO  o.e.m.c.i.e.AbstractTransferListenerAdapter - Downloaded https://repository.sonatype.org/content/groups/sonatype-public-grid/org/sonatype/nexus/buildsupport/nexus-buildsupport-testing/2.9.1-02/nexus-buildsupport-testing-2.9.1-02.pom
2026-01-04 13:12:01,797 [Worker-31: Importing Maven projects] INFO  o.e.m.c.i.e.AbstractTransferListenerAdapter - Downloading https://repository.sonatype.org/content/groups/sonatype-public-grid/org/sonatype/nexus/buildsupport/nexus-buildsupport-metrics/2.9.1-02/nexus-buildsupport-metrics-2.9.1-02.pom
2026-01-04 13:12:02,258 [Worker-31: Importing Maven projects] INFO  o.e.m.c.i.e.AbstractTransferListenerAdapter - Downloaded https://repository.sonatype.org/content/groups/sonatype-public-grid/org/sonatype/nexus/buildsupport/nexus-buildsupport-metrics/2.9.1-02/nexus-buildsupport-metrics-2.9.1-02.pom
2026-01-04 13:12:02,429 [Worker-31: Importing Maven projects] INFO  o.e.m.c.i.e.AbstractTransferListenerAdapter - Downloaded https://repo.maven.apache.org/maven2/org/sonatype/nexus/plugins/nexus-restlet1x-model/2.9.1-02/nexus-restlet1x-model-2.9.1-02.pom
2026-01-04 13:12:02,586 [Worker-31: Importing Maven projects] INFO  o.e.m.c.i.e.AbstractTransferListenerAdapter - Downloaded https://repo.maven.apache.org/maven2/org/sonatype/nexus/plugins/nexus-plugins-restlet1x/2.9.1-02/nexus-plugins-restlet1x-2.9.1-02.pom
2026-01-04 13:12:02,746 [Worker-31: Importing Maven projects] INFO  o.e.m.c.i.e.AbstractTransferListenerAdapter - Downloaded https://repo.maven.apache.org/maven2/org/sonatype/nexus/plugins/nexus-plugins/2.9.1-02/nexus-plugins-2.9.1-02.pom
2026-01-04 13:12:02,890 [Worker-31: Importing Maven projects] INFO  o.e.m.c.i.e.AbstractTransferListenerAdapter - Downloaded https://repo.maven.apache.org/maven2/org/apache/maven/maven-model/3.0.4/maven-model-3.0.4.pom
2026-01-04 13:12:03,035 [Worker-31: Importing Maven projects] INFO  o.e.m.c.i.e.AbstractTransferListenerAdapter - Downloaded https://repo.maven.apache.org/maven2/org/apache/maven/maven/3.0.4/maven-3.0.4.pom
2026-01-04 13:12:03,225 [Worker-31: Importing Maven projects] INFO  o.e.m.c.i.e.AbstractTransferListenerAdapter - Downloaded https://repo.maven.apache.org/maven2/org/slf4j/slf4j-api/1.7.7/slf4j-api-1.7.7.pom
2026-01-04 13:12:03,367 [Worker-31: Importing Maven projects] INFO  o.e.m.c.i.e.AbstractTransferListenerAdapter - Downloaded https://repo.maven.apache.org/maven2/org/slf4j/slf4j-parent/1.7.7/slf4j-parent-1.7.7.pom
2026-01-04 13:12:03,503 [Worker-31: Importing Maven projects] INFO  o.e.m.c.i.e.AbstractTransferListenerAdapter - Downloaded https://repo.maven.apache.org/maven2/com/intellij/annotations/9.0.4/annotations-9.0.4.pom
2026-01-04 13:12:03,696 [Worker-31: Importing Maven projects] INFO  o.e.m.c.i.e.AbstractTransferListenerAdapter - Downloaded https://repo.maven.apache.org/maven2/com/thoughtworks/xstream/xstream/1.4.7/xstream-1.4.7.pom
2026-01-04 13:12:03,918 [Worker-31: Importing Maven projects] INFO  o.e.m.c.i.e.AbstractTransferListenerAdapter - Downloaded https://repo.maven.apache.org/maven2/com/thoughtworks/xstream/xstream-parent/1.4.7/xstream-parent-1.4.7.pom
2026-01-04 13:12:04,062 [Worker-31: Importing Maven projects] INFO  o.e.m.c.i.e.AbstractTransferListenerAdapter - Downloaded https://repo.maven.apache.org/maven2/org/codehaus/codehaus-parent/3/codehaus-parent-3.pom
2026-01-04 13:12:04,229 [Worker-31: Importing Maven projects] INFO  o.e.m.c.i.e.AbstractTransferListenerAdapter - Downloaded https://repo.maven.apache.org/maven2/xmlpull/xmlpull/1.1.3.1/xmlpull-1.1.3.1.pom
2026-01-04 13:12:04,397 [Worker-31: Importing Maven projects] INFO  o.e.m.c.i.e.AbstractTransferListenerAdapter - Downloaded https://repo.maven.apache.org/maven2/xpp3/xpp3_min/1.1.4c/xpp3_min-1.1.4c.pom
2026-01-04 13:12:04,572 [Worker-31: Importing Maven projects] INFO  o.e.m.c.i.e.AbstractTransferListenerAdapter - Downloaded https://repo.maven.apache.org/maven2/joda-time/joda-time/2.2/joda-time-2.2.pom
2026-01-04 13:12:04,695 [Worker-31: Importing Maven projects] INFO  o.e.m.c.i.e.AbstractTransferListenerAdapter - Downloaded https://repo.maven.apache.org/maven2/commons-lang/commons-lang/2.6/commons-lang-2.6.pom
2026-01-04 13:12:04,827 [Worker-31: Importing Maven projects] INFO  o.e.m.c.i.e.AbstractTransferListenerAdapter - Downloaded https://repo.maven.apache.org/maven2/org/apache/commons/commons-parent/17/commons-parent-17.pom
2026-01-04 13:12:04,990 [Worker-31: Importing Maven projects] INFO  o.e.m.c.i.e.AbstractTransferListenerAdapter - Downloaded https://repo.maven.apache.org/maven2/commons-beanutils/commons-beanutils-core/1.8.3/commons-beanutils-core-1.8.3.pom
2026-01-04 13:12:05,108 [Worker-31: Importing Maven projects] INFO  o.e.m.c.i.e.AbstractTransferListenerAdapter - Downloaded https://repo.maven.apache.org/maven2/org/sonatype/sisu/siesta/siesta-client/1.7/siesta-client-1.7.pom
2026-01-04 13:12:05,242 [Worker-31: Importing Maven projects] INFO  o.e.m.c.i.e.AbstractTransferListenerAdapter - Downloaded https://repo.maven.apache.org/maven2/org/sonatype/sisu/siesta/siesta/1.7/siesta-1.7.pom
2026-01-04 13:12:05,370 [Worker-31: Importing Maven projects] INFO  o.e.m.c.i.e.AbstractTransferListenerAdapter - Downloaded https://repo.maven.apache.org/maven2/org/sonatype/buildsupport/public-parent/5/public-parent-5.pom
2026-01-04 13:12:05,521 [Worker-31: Importing Maven projects] INFO  o.e.m.c.i.e.AbstractTransferListenerAdapter - Downloaded https://repo.maven.apache.org/maven2/org/sonatype/buildsupport/buildsupport/5/buildsupport-5.pom
2026-01-04 13:12:05,629 [Worker-31: Importing Maven projects] INFO  o.e.m.c.i.e.AbstractTransferListenerAdapter - Downloaded https://repo.maven.apache.org/maven2/org/sonatype/sisu/siesta/siesta-common/1.7/siesta-common-1.7.pom
2026-01-04 13:12:05,793 [Worker-31: Importing Maven projects] INFO  o.e.m.c.i.e.AbstractTransferListenerAdapter - Downloaded https://repo.maven.apache.org/maven2/javax/ws/rs/jsr311-api/1.1.1/jsr311-api-1.1.1.pom
2026-01-04 13:12:05,945 [Worker-31: Importing Maven projects] INFO  o.e.m.c.i.e.AbstractTransferListenerAdapter - Downloaded https://repo.maven.apache.org/maven2/com/sun/jersey/jersey-core/1.17.1/jersey-core-1.17.1.pom
2026-01-04 13:12:06,077 [Worker-31: Importing Maven projects] INFO  o.e.m.c.i.e.AbstractTransferListenerAdapter - Downloaded https://repo.maven.apache.org/maven2/com/sun/jersey/jersey-project/1.17.1/jersey-project-1.17.1.pom
2026-01-04 13:12:06,187 [Worker-31: Importing Maven projects] INFO  o.e.m.c.i.e.AbstractTransferListenerAdapter - Downloaded https://repo.maven.apache.org/maven2/net/java/jvnet-parent/1/jvnet-parent-1.pom
2026-01-04 13:12:06,318 [Worker-31: Importing Maven projects] INFO  o.e.m.c.i.e.AbstractTransferListenerAdapter - Downloaded https://repo.maven.apache.org/maven2/javax/validation/validation-api/1.1.0.Final/validation-api-1.1.0.Final.pom
2026-01-04 13:12:06,448 [Worker-31: Importing Maven projects] INFO  o.e.m.c.i.e.AbstractTransferListenerAdapter - Downloaded https://repo.maven.apache.org/maven2/com/sun/jersey/jersey-client/1.17.1/jersey-client-1.17.1.pom
2026-01-04 13:12:06,557 [Worker-31: Importing Maven projects] INFO  o.e.m.c.i.e.AbstractTransferListenerAdapter - Downloaded https://repo.maven.apache.org/maven2/com/sun/jersey/contribs/jersey-apache-client4/1.17.1/jersey-apache-client4-1.17.1.pom
2026-01-04 13:12:06,671 [Worker-31: Importing Maven projects] INFO  o.e.m.c.i.e.AbstractTransferListenerAdapter - Downloaded https://repo.maven.apache.org/maven2/com/sun/jersey/contribs/jersey-contribs/1.17.1/jersey-contribs-1.17.1.pom
2026-01-04 13:12:06,794 [Worker-31: Importing Maven projects] INFO  o.e.m.c.i.e.AbstractTransferListenerAdapter - Downloaded https://repo.maven.apache.org/maven2/org/apache/httpcomponents/httpclient/4.3.5/httpclient-4.3.5.pom
2026-01-04 13:12:06,933 [Worker-31: Importing Maven projects] INFO  o.e.m.c.i.e.AbstractTransferListenerAdapter - Downloaded https://repo.maven.apache.org/maven2/org/apache/httpcomponents/httpcomponents-client/4.3.5/httpcomponents-client-4.3.5.pom
2026-01-04 13:12:07,115 [Worker-31: Importing Maven projects] INFO  o.e.m.c.i.e.AbstractTransferListenerAdapter - Downloaded https://repo.maven.apache.org/maven2/org/apache/httpcomponents/httpcore/4.3.2/httpcore-4.3.2.pom
2026-01-04 13:12:07,251 [Worker-31: Importing Maven projects] INFO  o.e.m.c.i.e.AbstractTransferListenerAdapter - Downloaded https://repo.maven.apache.org/maven2/org/apache/httpcomponents/httpcomponents-core/4.3.2/httpcomponents-core-4.3.2.pom
2026-01-04 13:12:07,382 [Worker-31: Importing Maven projects] INFO  o.e.m.c.i.e.AbstractTransferListenerAdapter - Downloaded https://repo.maven.apache.org/maven2/commons-codec/commons-codec/1.6/commons-codec-1.6.pom
2026-01-04 13:12:07,528 [Worker-31: Importing Maven projects] INFO  o.e.m.c.i.e.AbstractTransferListenerAdapter - Downloaded https://repo.maven.apache.org/maven2/org/apache/commons/commons-parent/22/commons-parent-22.pom
2026-01-04 13:12:07,659 [Worker-31: Importing Maven projects] INFO  o.e.m.c.i.e.AbstractTransferListenerAdapter - Downloaded https://repo.maven.apache.org/maven2/org/slf4j/jcl-over-slf4j/1.7.7/jcl-over-slf4j-1.7.7.pom
2026-01-04 13:12:07,794 [Worker-31: Importing Maven projects] INFO  o.e.m.c.i.e.AbstractTransferListenerAdapter - Downloaded https://repo.maven.apache.org/maven2/org/sonatype/sisu/siesta/siesta-jackson/1.7/siesta-jackson-1.7.pom
2026-01-04 13:12:07,944 [Worker-31: Importing Maven projects] INFO  o.e.m.c.i.e.AbstractTransferListenerAdapter - Downloaded https://repo.maven.apache.org/maven2/com/fasterxml/jackson/core/jackson-annotations/2.3.1/jackson-annotations-2.3.1.pom
2026-01-04 13:12:08,080 [Worker-31: Importing Maven projects] INFO  o.e.m.c.i.e.AbstractTransferListenerAdapter - Downloaded https://repo.maven.apache.org/maven2/com/fasterxml/oss-parent/11/oss-parent-11.pom
2026-01-04 13:12:08,251 [Worker-31: Importing Maven projects] INFO  o.e.m.c.i.e.AbstractTransferListenerAdapter - Downloaded https://repo.maven.apache.org/maven2/com/fasterxml/jackson/core/jackson-core/2.3.1/jackson-core-2.3.1.pom
2026-01-04 13:12:08,400 [Worker-31: Importing Maven projects] INFO  o.e.m.c.i.e.AbstractTransferListenerAdapter - Downloaded https://repo.maven.apache.org/maven2/com/fasterxml/oss-parent/12/oss-parent-12.pom
2026-01-04 13:12:08,550 [Worker-31: Importing Maven projects] INFO  o.e.m.c.i.e.AbstractTransferListenerAdapter - Downloaded https://repo.maven.apache.org/maven2/com/fasterxml/jackson/core/jackson-databind/2.3.1/jackson-databind-2.3.1.pom
2026-01-04 13:12:08,686 [Worker-31: Importing Maven projects] INFO  o.e.m.c.i.e.AbstractTransferListenerAdapter - Downloaded https://repo.maven.apache.org/maven2/com/fasterxml/jackson/core/jackson-annotations/2.3.0/jackson-annotations-2.3.0.pom
2026-01-04 13:12:08,794 [Worker-31: Importing Maven projects] INFO  o.e.m.c.i.e.AbstractTransferListenerAdapter - Downloaded https://repo.maven.apache.org/maven2/com/fasterxml/jackson/jaxrs/jackson-jaxrs-json-provider/2.3.1/jackson-jaxrs-json-provider-2.3.1.pom
2026-01-04 13:12:08,965 [Worker-31: Importing Maven projects] INFO  o.e.m.c.i.e.AbstractTransferListenerAdapter - Downloaded https://repo.maven.apache.org/maven2/com/fasterxml/jackson/jaxrs/jackson-jaxrs-providers/2.3.1/jackson-jaxrs-providers-2.3.1.pom
2026-01-04 13:12:09,102 [Worker-31: Importing Maven projects] INFO  o.e.m.c.i.e.AbstractTransferListenerAdapter - Downloaded https://repo.maven.apache.org/maven2/com/fasterxml/jackson/jaxrs/jackson-jaxrs-base/2.3.1/jackson-jaxrs-base-2.3.1.pom
2026-01-04 13:12:09,271 [Worker-31: Importing Maven projects] INFO  o.e.m.c.i.e.AbstractTransferListenerAdapter - Downloaded https://repo.maven.apache.org/maven2/com/fasterxml/jackson/module/jackson-module-jaxb-annotations/2.3.1/jackson-module-jaxb-annotations-2.3.1.pom
2026-01-04 13:12:09,447 [Worker-31: Importing Maven projects] INFO  o.e.m.c.i.e.AbstractTransferListenerAdapter - Downloaded https://repo.maven.apache.org/maven2/org/sonatype/spice/zapper/spice-zapper/1.3/spice-zapper-1.3.pom
2026-01-04 13:12:09,603 [Worker-31: Importing Maven projects] INFO  o.e.m.c.i.e.AbstractTransferListenerAdapter - Downloaded https://repo.maven.apache.org/maven2/org/fusesource/hawtbuf/hawtbuf-proto/1.9/hawtbuf-proto-1.9.pom
2026-01-04 13:12:09,749 [Worker-31: Importing Maven projects] INFO  o.e.m.c.i.e.AbstractTransferListenerAdapter - Downloaded https://repo.maven.apache.org/maven2/org/fusesource/hawtbuf/hawtbuf-project/1.9/hawtbuf-project-1.9.pom
2026-01-04 13:12:09,903 [Worker-31: Importing Maven projects] INFO  o.e.m.c.i.e.AbstractTransferListenerAdapter - Downloaded https://repo.maven.apache.org/maven2/org/fusesource/fusesource-pom/1.9/fusesource-pom-1.9.pom
2026-01-04 13:12:10,054 [Worker-31: Importing Maven projects] INFO  o.e.m.c.i.e.AbstractTransferListenerAdapter - Downloaded https://repo.maven.apache.org/maven2/org/fusesource/hawtbuf/hawtbuf/1.9/hawtbuf-1.9.pom
2026-01-04 13:12:10,231 [Worker-31: Importing Maven projects] INFO  o.e.m.c.i.e.AbstractTransferListenerAdapter - Downloaded https://repo.maven.apache.org/maven2/org/codehaus/plexus/plexus-interpolation/1.15/plexus-interpolation-1.15.pom
2026-01-04 13:12:10,355 [Worker-31: Importing Maven projects] INFO  o.e.m.c.i.e.AbstractTransferListenerAdapter - Downloaded https://repo.maven.apache.org/maven2/org/codehaus/plexus/plexus/3.0.1/plexus-3.0.1.pom
2026-01-04 13:12:10,511 [Worker-31: Importing Maven projects] INFO  o.e.m.c.i.e.AbstractTransferListenerAdapter - Downloaded https://repo.maven.apache.org/maven2/org/sonatype/aether/aether-api/1.13.1/aether-api-1.13.1.pom
2026-01-04 13:12:10,653 [Worker-31: Importing Maven projects] INFO  o.e.m.c.i.e.AbstractTransferListenerAdapter - Downloaded https://repo.maven.apache.org/maven2/org/sonatype/aether/aether/1.13.1/aether-1.13.1.pom
2026-01-04 13:12:10,812 [Worker-31: Importing Maven projects] INFO  o.e.m.c.i.e.AbstractTransferListenerAdapter - Downloaded https://repo.maven.apache.org/maven2/ch/qos/logback/logback-core/1.1.2/logback-core-1.1.2.pom
2026-01-04 13:12:10,955 [Worker-31: Importing Maven projects] INFO  o.e.m.c.i.e.AbstractTransferListenerAdapter - Downloaded https://repo.maven.apache.org/maven2/ch/qos/logback/logback-parent/1.1.2/logback-parent-1.1.2.pom
2026-01-04 13:12:11,058 [Worker-31: Importing Maven projects] INFO  o.e.m.c.i.e.AbstractTransferListenerAdapter - Downloaded https://repo.maven.apache.org/maven2/ch/qos/logback/logback-classic/1.1.2/logback-classic-1.1.2.pom
2026-01-04 13:12:11,129 [AetherRepositoryConnector-repo.maven.apache.org-1-0] INFO  o.e.m.c.i.e.AbstractTransferListenerAdapter - Downloading https://repo.maven.apache.org/maven2/org/sonatype/plugins/nexus-staging-maven-plugin/1.6.7/nexus-staging-maven-plugin-1.6.7.jar
2026-01-04 13:12:11,161 [AetherRepositoryConnector-repo.maven.apache.org-1-4] INFO  o.e.m.c.i.e.AbstractTransferListenerAdapter - Downloading https://repo.maven.apache.org/maven2/com/google/guava/guava/14.0.1/guava-14.0.1.jar
2026-01-04 13:12:11,186 [AetherRepositoryConnector-repo.maven.apache.org-1-3] INFO  o.e.m.c.i.e.AbstractTransferListenerAdapter - Downloading https://repo.maven.apache.org/maven2/org/sonatype/plexus/plexus-cipher/1.7/plexus-cipher-1.7.jar
2026-01-04 13:12:11,186 [AetherRepositoryConnector-repo.maven.apache.org-1-1] INFO  o.e.m.c.i.e.AbstractTransferListenerAdapter - Downloading https://repo.maven.apache.org/maven2/org/sonatype/nexus/maven/nexus-common/1.6.7/nexus-common-1.6.7.jar
2026-01-04 13:12:11,191 [AetherRepositoryConnector-repo.maven.apache.org-1-2] INFO  o.e.m.c.i.e.AbstractTransferListenerAdapter - Downloading https://repo.maven.apache.org/maven2/org/sonatype/plexus/plexus-sec-dispatcher/1.4/plexus-sec-dispatcher-1.4.jar
2026-01-04 13:12:11,273 [AetherRepositoryConnector-repo.maven.apache.org-1-0] INFO  o.e.m.c.i.e.AbstractTransferListenerAdapter - Downloaded https://repo.maven.apache.org/maven2/org/sonatype/plugins/nexus-staging-maven-plugin/1.6.7/nexus-staging-maven-plugin-1.6.7.jar
2026-01-04 13:12:11,326 [AetherRepositoryConnector-repo.maven.apache.org-1-0] INFO  o.e.m.c.i.e.AbstractTransferListenerAdapter - Downloading https://repo.maven.apache.org/maven2/org/sonatype/nexus/nexus-client-core/2.9.1-02/nexus-client-core-2.9.1-02.jar
2026-01-04 13:12:11,388 [AetherRepositoryConnector-repo.maven.apache.org-1-3] INFO  o.e.m.c.i.e.AbstractTransferListenerAdapter - Downloaded https://repo.maven.apache.org/maven2/org/sonatype/plexus/plexus-cipher/1.7/plexus-cipher-1.7.jar
2026-01-04 13:12:11,442 [AetherRepositoryConnector-repo.maven.apache.org-1-3] INFO  o.e.m.c.i.e.AbstractTransferListenerAdapter - Downloading https://repo.maven.apache.org/maven2/org/sonatype/nexus/plugins/nexus-restlet1x-model/2.9.1-02/nexus-restlet1x-model-2.9.1-02.jar
2026-01-04 13:12:11,446 [AetherRepositoryConnector-repo.maven.apache.org-1-1] INFO  o.e.m.c.i.e.AbstractTransferListenerAdapter - Downloaded https://repo.maven.apache.org/maven2/org/sonatype/nexus/maven/nexus-common/1.6.7/nexus-common-1.6.7.jar
2026-01-04 13:12:11,471 [AetherRepositoryConnector-repo.maven.apache.org-1-2] INFO  o.e.m.c.i.e.AbstractTransferListenerAdapter - Downloaded https://repo.maven.apache.org/maven2/org/sonatype/plexus/plexus-sec-dispatcher/1.4/plexus-sec-dispatcher-1.4.jar
2026-01-04 13:12:11,472 [AetherRepositoryConnector-repo.maven.apache.org-1-0] INFO  o.e.m.c.i.e.AbstractTransferListenerAdapter - Downloaded https://repo.maven.apache.org/maven2/org/sonatype/nexus/nexus-client-core/2.9.1-02/nexus-client-core-2.9.1-02.jar
2026-01-04 13:12:11,497 [AetherRepositoryConnector-repo.maven.apache.org-1-1] INFO  o.e.m.c.i.e.AbstractTransferListenerAdapter - Downloading https://repo.maven.apache.org/maven2/org/apache/maven/maven-model/3.0.4/maven-model-3.0.4.jar
2026-01-04 13:12:11,518 [AetherRepositoryConnector-repo.maven.apache.org-1-2] INFO  o.e.m.c.i.e.AbstractTransferListenerAdapter - Downloading https://repo.maven.apache.org/maven2/org/slf4j/slf4j-api/1.7.7/slf4j-api-1.7.7.jar
2026-01-04 13:12:11,518 [AetherRepositoryConnector-repo.maven.apache.org-1-0] INFO  o.e.m.c.i.e.AbstractTransferListenerAdapter - Downloading https://repo.maven.apache.org/maven2/com/intellij/annotations/9.0.4/annotations-9.0.4.jar
2026-01-04 13:12:11,601 [AetherRepositoryConnector-repo.maven.apache.org-1-3] INFO  o.e.m.c.i.e.AbstractTransferListenerAdapter - Downloaded https://repo.maven.apache.org/maven2/org/sonatype/nexus/plugins/nexus-restlet1x-model/2.9.1-02/nexus-restlet1x-model-2.9.1-02.jar
2026-01-04 13:12:11,627 [AetherRepositoryConnector-repo.maven.apache.org-1-1] INFO  o.e.m.c.i.e.AbstractTransferListenerAdapter - Downloaded https://repo.maven.apache.org/maven2/org/apache/maven/maven-model/3.0.4/maven-model-3.0.4.jar
2026-01-04 13:12:11,638 [AetherRepositoryConnector-repo.maven.apache.org-1-3] INFO  o.e.m.c.i.e.AbstractTransferListenerAdapter - Downloading https://repo.maven.apache.org/maven2/commons-io/commons-io/2.4/commons-io-2.4.jar
2026-01-04 13:12:11,665 [AetherRepositoryConnector-repo.maven.apache.org-1-1] INFO  o.e.m.c.i.e.AbstractTransferListenerAdapter - Downloading https://repo.maven.apache.org/maven2/com/thoughtworks/xstream/xstream/1.4.7/xstream-1.4.7.jar
2026-01-04 13:12:11,685 [AetherRepositoryConnector-repo.maven.apache.org-1-4] INFO  o.e.m.c.i.e.AbstractTransferListenerAdapter - Downloaded https://repo.maven.apache.org/maven2/com/google/guava/guava/14.0.1/guava-14.0.1.jar
2026-01-04 13:12:11,743 [AetherRepositoryConnector-repo.maven.apache.org-1-4] INFO  o.e.m.c.i.e.AbstractTransferListenerAdapter - Downloading https://repo.maven.apache.org/maven2/xmlpull/xmlpull/1.1.3.1/xmlpull-1.1.3.1.jar
2026-01-04 13:12:11,773 [AetherRepositoryConnector-repo.maven.apache.org-1-3] INFO  o.e.m.c.i.e.AbstractTransferListenerAdapter - Downloaded https://repo.maven.apache.org/maven2/commons-io/commons-io/2.4/commons-io-2.4.jar
2026-01-04 13:12:11,774 [AetherRepositoryConnector-repo.maven.apache.org-1-0] INFO  o.e.m.c.i.e.AbstractTransferListenerAdapter - Downloaded https://repo.maven.apache.org/maven2/com/intellij/annotations/9.0.4/annotations-9.0.4.jar
2026-01-04 13:12:11,800 [AetherRepositoryConnector-repo.maven.apache.org-1-3] INFO  o.e.m.c.i.e.AbstractTransferListenerAdapter - Downloading https://repo.maven.apache.org/maven2/xpp3/xpp3_min/1.1.4c/xpp3_min-1.1.4c.jar
2026-01-04 13:12:11,842 [AetherRepositoryConnector-repo.maven.apache.org-1-0] INFO  o.e.m.c.i.e.AbstractTransferListenerAdapter - Downloading https://repo.maven.apache.org/maven2/joda-time/joda-time/2.2/joda-time-2.2.jar
2026-01-04 13:12:11,855 [AetherRepositoryConnector-repo.maven.apache.org-1-1] INFO  o.e.m.c.i.e.AbstractTransferListenerAdapter - Downloaded https://repo.maven.apache.org/maven2/com/thoughtworks/xstream/xstream/1.4.7/xstream-1.4.7.jar
2026-01-04 13:12:11,894 [AetherRepositoryConnector-repo.maven.apache.org-1-3] INFO  o.e.m.c.i.e.AbstractTransferListenerAdapter - Downloaded https://repo.maven.apache.org/maven2/xpp3/xpp3_min/1.1.4c/xpp3_min-1.1.4c.jar
2026-01-04 13:12:11,900 [AetherRepositoryConnector-repo.maven.apache.org-1-2] INFO  o.e.m.c.i.e.AbstractTransferListenerAdapter - Downloaded https://repo.maven.apache.org/maven2/org/slf4j/slf4j-api/1.7.7/slf4j-api-1.7.7.jar
2026-01-04 13:12:11,906 [AetherRepositoryConnector-repo.maven.apache.org-1-1] INFO  o.e.m.c.i.e.AbstractTransferListenerAdapter - Downloading https://repo.maven.apache.org/maven2/commons-lang/commons-lang/2.6/commons-lang-2.6.jar
2026-01-04 13:12:11,909 [AetherRepositoryConnector-repo.maven.apache.org-1-4] INFO  o.e.m.c.i.e.AbstractTransferListenerAdapter - Downloaded https://repo.maven.apache.org/maven2/xmlpull/xmlpull/1.1.3.1/xmlpull-1.1.3.1.jar
2026-01-04 13:12:11,939 [AetherRepositoryConnector-repo.maven.apache.org-1-3] INFO  o.e.m.c.i.e.AbstractTransferListenerAdapter - Downloading https://repo.maven.apache.org/maven2/commons-beanutils/commons-beanutils-core/1.8.3/commons-beanutils-core-1.8.3.jar
2026-01-04 13:12:11,950 [AetherRepositoryConnector-repo.maven.apache.org-1-2] INFO  o.e.m.c.i.e.AbstractTransferListenerAdapter - Downloading https://repo.maven.apache.org/maven2/org/sonatype/sisu/siesta/siesta-client/1.7/siesta-client-1.7.jar
2026-01-04 13:12:11,960 [AetherRepositoryConnector-repo.maven.apache.org-1-4] INFO  o.e.m.c.i.e.AbstractTransferListenerAdapter - Downloading https://repo.maven.apache.org/maven2/org/sonatype/sisu/siesta/siesta-common/1.7/siesta-common-1.7.jar
2026-01-04 13:12:11,993 [AetherRepositoryConnector-repo.maven.apache.org-1-0] INFO  o.e.m.c.i.e.AbstractTransferListenerAdapter - Downloaded https://repo.maven.apache.org/maven2/joda-time/joda-time/2.2/joda-time-2.2.jar
2026-01-04 13:12:12,002 [AetherRepositoryConnector-repo.maven.apache.org-1-1] INFO  o.e.m.c.i.e.AbstractTransferListenerAdapter - Downloaded https://repo.maven.apache.org/maven2/commons-lang/commons-lang/2.6/commons-lang-2.6.jar
2026-01-04 13:12:12,027 [AetherRepositoryConnector-repo.maven.apache.org-1-3] INFO  o.e.m.c.i.e.AbstractTransferListenerAdapter - Downloaded https://repo.maven.apache.org/maven2/commons-beanutils/commons-beanutils-core/1.8.3/commons-beanutils-core-1.8.3.jar
2026-01-04 13:12:12,036 [AetherRepositoryConnector-repo.maven.apache.org-1-1] INFO  o.e.m.c.i.e.AbstractTransferListenerAdapter - Downloading https://repo.maven.apache.org/maven2/com/sun/jersey/jersey-core/1.17.1/jersey-core-1.17.1.jar
2026-01-04 13:12:12,058 [AetherRepositoryConnector-repo.maven.apache.org-1-0] INFO  o.e.m.c.i.e.AbstractTransferListenerAdapter - Downloading https://repo.maven.apache.org/maven2/javax/ws/rs/jsr311-api/1.1.1/jsr311-api-1.1.1.jar
2026-01-04 13:12:12,074 [AetherRepositoryConnector-repo.maven.apache.org-1-3] INFO  o.e.m.c.i.e.AbstractTransferListenerAdapter - Downloading https://repo.maven.apache.org/maven2/javax/validation/validation-api/1.1.0.Final/validation-api-1.1.0.Final.jar
2026-01-04 13:12:12,154 [AetherRepositoryConnector-repo.maven.apache.org-1-3] INFO  o.e.m.c.i.e.AbstractTransferListenerAdapter - Downloaded https://repo.maven.apache.org/maven2/javax/validation/validation-api/1.1.0.Final/validation-api-1.1.0.Final.jar
2026-01-04 13:12:12,184 [AetherRepositoryConnector-repo.maven.apache.org-1-4] INFO  o.e.m.c.i.e.AbstractTransferListenerAdapter - Downloaded https://repo.maven.apache.org/maven2/org/sonatype/sisu/siesta/siesta-common/1.7/siesta-common-1.7.jar
2026-01-04 13:12:12,189 [AetherRepositoryConnector-repo.maven.apache.org-1-1] INFO  o.e.m.c.i.e.AbstractTransferListenerAdapter - Downloaded https://repo.maven.apache.org/maven2/com/sun/jersey/jersey-core/1.17.1/jersey-core-1.17.1.jar
2026-01-04 13:12:12,192 [AetherRepositoryConnector-repo.maven.apache.org-1-3] INFO  o.e.m.c.i.e.AbstractTransferListenerAdapter - Downloading https://repo.maven.apache.org/maven2/com/sun/jersey/jersey-client/1.17.1/jersey-client-1.17.1.jar
2026-01-04 13:12:12,226 [AetherRepositoryConnector-repo.maven.apache.org-1-1] INFO  o.e.m.c.i.e.AbstractTransferListenerAdapter - Downloading https://repo.maven.apache.org/maven2/org/sonatype/sisu/siesta/siesta-jackson/1.7/siesta-jackson-1.7.jar
2026-01-04 13:12:12,226 [AetherRepositoryConnector-repo.maven.apache.org-1-4] INFO  o.e.m.c.i.e.AbstractTransferListenerAdapter - Downloading https://repo.maven.apache.org/maven2/com/sun/jersey/contribs/jersey-apache-client4/1.17.1/jersey-apache-client4-1.17.1.jar
2026-01-04 13:12:12,247 [AetherRepositoryConnector-repo.maven.apache.org-1-2] INFO  o.e.m.c.i.e.AbstractTransferListenerAdapter - Downloaded https://repo.maven.apache.org/maven2/org/sonatype/sisu/siesta/siesta-client/1.7/siesta-client-1.7.jar
2026-01-04 13:12:12,271 [AetherRepositoryConnector-repo.maven.apache.org-1-3] INFO  o.e.m.c.i.e.AbstractTransferListenerAdapter - Downloaded https://repo.maven.apache.org/maven2/com/sun/jersey/jersey-client/1.17.1/jersey-client-1.17.1.jar
2026-01-04 13:12:12,286 [AetherRepositoryConnector-repo.maven.apache.org-1-2] INFO  o.e.m.c.i.e.AbstractTransferListenerAdapter - Downloading https://repo.maven.apache.org/maven2/com/fasterxml/jackson/core/jackson-annotations/2.3.1/jackson-annotations-2.3.1.jar
2026-01-04 13:12:12,312 [AetherRepositoryConnector-repo.maven.apache.org-1-3] INFO  o.e.m.c.i.e.AbstractTransferListenerAdapter - Downloading https://repo.maven.apache.org/maven2/com/fasterxml/jackson/core/jackson-core/2.3.1/jackson-core-2.3.1.jar
2026-01-04 13:12:12,386 [AetherRepositoryConnector-repo.maven.apache.org-1-1] INFO  o.e.m.c.i.e.AbstractTransferListenerAdapter - Downloaded https://repo.maven.apache.org/maven2/org/sonatype/sisu/siesta/siesta-jackson/1.7/siesta-jackson-1.7.jar
2026-01-04 13:12:12,411 [AetherRepositoryConnector-repo.maven.apache.org-1-3] INFO  o.e.m.c.i.e.AbstractTransferListenerAdapter - Downloaded https://repo.maven.apache.org/maven2/com/fasterxml/jackson/core/jackson-core/2.3.1/jackson-core-2.3.1.jar
2026-01-04 13:12:12,416 [AetherRepositoryConnector-repo.maven.apache.org-1-1] INFO  o.e.m.c.i.e.AbstractTransferListenerAdapter - Downloading https://repo.maven.apache.org/maven2/com/fasterxml/jackson/core/jackson-databind/2.3.1/jackson-databind-2.3.1.jar
2026-01-04 13:12:12,462 [AetherRepositoryConnector-repo.maven.apache.org-1-3] INFO  o.e.m.c.i.e.AbstractTransferListenerAdapter - Downloading https://repo.maven.apache.org/maven2/com/fasterxml/jackson/jaxrs/jackson-jaxrs-json-provider/2.3.1/jackson-jaxrs-json-provider-2.3.1.jar
2026-01-04 13:12:12,602 [AetherRepositoryConnector-repo.maven.apache.org-1-4] INFO  o.e.m.c.i.e.AbstractTransferListenerAdapter - Downloaded https://repo.maven.apache.org/maven2/com/sun/jersey/contribs/jersey-apache-client4/1.17.1/jersey-apache-client4-1.17.1.jar
2026-01-04 13:12:12,642 [AetherRepositoryConnector-repo.maven.apache.org-1-1] INFO  o.e.m.c.i.e.AbstractTransferListenerAdapter - Downloaded https://repo.maven.apache.org/maven2/com/fasterxml/jackson/core/jackson-databind/2.3.1/jackson-databind-2.3.1.jar
2026-01-04 13:12:12,655 [AetherRepositoryConnector-repo.maven.apache.org-1-4] INFO  o.e.m.c.i.e.AbstractTransferListenerAdapter - Downloading https://repo.maven.apache.org/maven2/com/fasterxml/jackson/jaxrs/jackson-jaxrs-base/2.3.1/jackson-jaxrs-base-2.3.1.jar
2026-01-04 13:12:12,685 [AetherRepositoryConnector-repo.maven.apache.org-1-1] INFO  o.e.m.c.i.e.AbstractTransferListenerAdapter - Downloading https://repo.maven.apache.org/maven2/com/fasterxml/jackson/module/jackson-module-jaxb-annotations/2.3.1/jackson-module-jaxb-annotations-2.3.1.jar
2026-01-04 13:12:12,782 [AetherRepositoryConnector-repo.maven.apache.org-1-0] INFO  o.e.m.c.i.e.AbstractTransferListenerAdapter - Downloaded https://repo.maven.apache.org/maven2/javax/ws/rs/jsr311-api/1.1.1/jsr311-api-1.1.1.jar
2026-01-04 13:12:12,824 [AetherRepositoryConnector-repo.maven.apache.org-1-0] INFO  o.e.m.c.i.e.AbstractTransferListenerAdapter - Downloading https://repo.maven.apache.org/maven2/org/apache/httpcomponents/httpclient/4.3.5/httpclient-4.3.5.jar
2026-01-04 13:12:12,909 [AetherRepositoryConnector-repo.maven.apache.org-1-3] INFO  o.e.m.c.i.e.AbstractTransferListenerAdapter - Downloaded https://repo.maven.apache.org/maven2/com/fasterxml/jackson/jaxrs/jackson-jaxrs-json-provider/2.3.1/jackson-jaxrs-json-provider-2.3.1.jar
2026-01-04 13:12:12,947 [AetherRepositoryConnector-repo.maven.apache.org-1-3] INFO  o.e.m.c.i.e.AbstractTransferListenerAdapter - Downloading https://repo.maven.apache.org/maven2/commons-codec/commons-codec/1.6/commons-codec-1.6.jar
2026-01-04 13:12:13,003 [AetherRepositoryConnector-repo.maven.apache.org-1-2] INFO  o.e.m.c.i.e.AbstractTransferListenerAdapter - Downloaded https://repo.maven.apache.org/maven2/com/fasterxml/jackson/core/jackson-annotations/2.3.1/jackson-annotations-2.3.1.jar
2026-01-04 13:12:13,003 [AetherRepositoryConnector-repo.maven.apache.org-1-0] INFO  o.e.m.c.i.e.AbstractTransferListenerAdapter - Downloaded https://repo.maven.apache.org/maven2/org/apache/httpcomponents/httpclient/4.3.5/httpclient-4.3.5.jar
2026-01-04 13:12:13,044 [AetherRepositoryConnector-repo.maven.apache.org-1-4] INFO  o.e.m.c.i.e.AbstractTransferListenerAdapter - Downloaded https://repo.maven.apache.org/maven2/com/fasterxml/jackson/jaxrs/jackson-jaxrs-base/2.3.1/jackson-jaxrs-base-2.3.1.jar
2026-01-04 13:12:13,044 [AetherRepositoryConnector-repo.maven.apache.org-1-3] INFO  o.e.m.c.i.e.AbstractTransferListenerAdapter - Downloaded https://repo.maven.apache.org/maven2/commons-codec/commons-codec/1.6/commons-codec-1.6.jar
2026-01-04 13:12:13,052 [AetherRepositoryConnector-repo.maven.apache.org-1-2] INFO  o.e.m.c.i.e.AbstractTransferListenerAdapter - Downloading https://repo.maven.apache.org/maven2/org/slf4j/jcl-over-slf4j/1.7.7/jcl-over-slf4j-1.7.7.jar
2026-01-04 13:12:13,065 [AetherRepositoryConnector-repo.maven.apache.org-1-0] INFO  o.e.m.c.i.e.AbstractTransferListenerAdapter - Downloading https://repo.maven.apache.org/maven2/org/apache/httpcomponents/httpcore/4.3.2/httpcore-4.3.2.jar
2026-01-04 13:12:13,086 [AetherRepositoryConnector-repo.maven.apache.org-1-1] INFO  o.e.m.c.i.e.AbstractTransferListenerAdapter - Downloaded https://repo.maven.apache.org/maven2/com/fasterxml/jackson/module/jackson-module-jaxb-annotations/2.3.1/jackson-module-jaxb-annotations-2.3.1.jar
2026-01-04 13:12:13,092 [AetherRepositoryConnector-repo.maven.apache.org-1-4] INFO  o.e.m.c.i.e.AbstractTransferListenerAdapter - Downloading https://repo.maven.apache.org/maven2/org/sonatype/spice/zapper/spice-zapper/1.3/spice-zapper-1.3.jar
2026-01-04 13:12:13,103 [AetherRepositoryConnector-repo.maven.apache.org-1-3] INFO  o.e.m.c.i.e.AbstractTransferListenerAdapter - Downloading https://repo.maven.apache.org/maven2/org/fusesource/hawtbuf/hawtbuf-proto/1.9/hawtbuf-proto-1.9.jar
2026-01-04 13:12:13,127 [AetherRepositoryConnector-repo.maven.apache.org-1-1] INFO  o.e.m.c.i.e.AbstractTransferListenerAdapter - Downloading https://repo.maven.apache.org/maven2/org/fusesource/hawtbuf/hawtbuf/1.9/hawtbuf-1.9.jar
2026-01-04 13:12:13,222 [AetherRepositoryConnector-repo.maven.apache.org-1-0] INFO  o.e.m.c.i.e.AbstractTransferListenerAdapter - Downloaded https://repo.maven.apache.org/maven2/org/apache/httpcomponents/httpcore/4.3.2/httpcore-4.3.2.jar
2026-01-04 13:12:13,222 [AetherRepositoryConnector-repo.maven.apache.org-1-4] INFO  o.e.m.c.i.e.AbstractTransferListenerAdapter - Downloaded https://repo.maven.apache.org/maven2/org/sonatype/spice/zapper/spice-zapper/1.3/spice-zapper-1.3.jar
2026-01-04 13:12:13,225 [AetherRepositoryConnector-repo.maven.apache.org-1-1] INFO  o.e.m.c.i.e.AbstractTransferListenerAdapter - Downloaded https://repo.maven.apache.org/maven2/org/fusesource/hawtbuf/hawtbuf/1.9/hawtbuf-1.9.jar
2026-01-04 13:12:13,279 [AetherRepositoryConnector-repo.maven.apache.org-1-2] INFO  o.e.m.c.i.e.AbstractTransferListenerAdapter - Downloaded https://repo.maven.apache.org/maven2/org/slf4j/jcl-over-slf4j/1.7.7/jcl-over-slf4j-1.7.7.jar
2026-01-04 13:12:13,299 [AetherRepositoryConnector-repo.maven.apache.org-1-1] INFO  o.e.m.c.i.e.AbstractTransferListenerAdapter - Downloading https://repo.maven.apache.org/maven2/org/sonatype/aether/aether-api/1.13.1/aether-api-1.13.1.jar
2026-01-04 13:12:13,308 [AetherRepositoryConnector-repo.maven.apache.org-1-0] INFO  o.e.m.c.i.e.AbstractTransferListenerAdapter - Downloading https://repo.maven.apache.org/maven2/org/codehaus/plexus/plexus-interpolation/1.15/plexus-interpolation-1.15.jar
2026-01-04 13:12:13,312 [AetherRepositoryConnector-repo.maven.apache.org-1-4] INFO  o.e.m.c.i.e.AbstractTransferListenerAdapter - Downloading https://repo.maven.apache.org/maven2/org/codehaus/plexus/plexus-utils/3.0.8/plexus-utils-3.0.8.jar
2026-01-04 13:12:13,348 [AetherRepositoryConnector-repo.maven.apache.org-1-2] INFO  o.e.m.c.i.e.AbstractTransferListenerAdapter - Downloading https://repo.maven.apache.org/maven2/ch/qos/logback/logback-core/1.1.2/logback-core-1.1.2.jar
2026-01-04 13:12:13,408 [AetherRepositoryConnector-repo.maven.apache.org-1-1] INFO  o.e.m.c.i.e.AbstractTransferListenerAdapter - Downloaded https://repo.maven.apache.org/maven2/org/sonatype/aether/aether-api/1.13.1/aether-api-1.13.1.jar
2026-01-04 13:12:13,429 [AetherRepositoryConnector-repo.maven.apache.org-1-0] INFO  o.e.m.c.i.e.AbstractTransferListenerAdapter - Downloaded https://repo.maven.apache.org/maven2/org/codehaus/plexus/plexus-interpolation/1.15/plexus-interpolation-1.15.jar
2026-01-04 13:12:13,443 [AetherRepositoryConnector-repo.maven.apache.org-1-3] INFO  o.e.m.c.i.e.AbstractTransferListenerAdapter - Downloaded https://repo.maven.apache.org/maven2/org/fusesource/hawtbuf/hawtbuf-proto/1.9/hawtbuf-proto-1.9.jar
2026-01-04 13:12:13,452 [AetherRepositoryConnector-repo.maven.apache.org-1-1] INFO  o.e.m.c.i.e.AbstractTransferListenerAdapter - Downloading https://repo.maven.apache.org/maven2/ch/qos/logback/logback-classic/1.1.2/logback-classic-1.1.2.jar
2026-01-04 13:12:13,458 [AetherRepositoryConnector-repo.maven.apache.org-1-4] INFO  o.e.m.c.i.e.AbstractTransferListenerAdapter - Downloaded https://repo.maven.apache.org/maven2/org/codehaus/plexus/plexus-utils/3.0.8/plexus-utils-3.0.8.jar
2026-01-04 13:12:13,507 [AetherRepositoryConnector-repo.maven.apache.org-1-2] INFO  o.e.m.c.i.e.AbstractTransferListenerAdapter - Downloaded https://repo.maven.apache.org/maven2/ch/qos/logback/logback-core/1.1.2/logback-core-1.1.2.jar
2026-01-04 13:12:13,559 [AetherRepositoryConnector-repo.maven.apache.org-1-1] INFO  o.e.m.c.i.e.AbstractTransferListenerAdapter - Downloaded https://repo.maven.apache.org/maven2/ch/qos/logback/logback-classic/1.1.2/logback-classic-1.1.2.jar
2026-01-04 13:12:20,124 [Worker-31: Importing Maven projects] INFO  o.e.m.c.i.l.LifecycleMappingFactory - Using org.eclipse.m2e.jdt.JarLifecycleMapping lifecycle mapping for MavenProject: api.com:infomatica:0.0.1-SNAPSHOT @ C:\Testleaf\Maven\infomatica\pom.xml.
2026-01-04 13:12:20,996 [Worker-31: Importing Maven projects] INFO  o.e.m.c.i.e.AbstractTransferListenerAdapter - Downloaded https://repo.maven.apache.org/maven2/org/apache/maven/plugins/maven-resources-plugin/maven-metadata.xml
2026-01-04 13:12:21,118 [Worker-31: Importing Maven projects] INFO  o.e.m.c.i.e.AbstractTransferListenerAdapter - Downloaded https://repo.maven.apache.org/maven2/org/apache/maven/plugins/maven-resources-plugin/4.0.0-beta-1/maven-resources-plugin-4.0.0-beta-1.pom
2026-01-04 13:12:21,162 [Worker-31: Importing Maven projects] INFO  o.e.m.c.i.e.AbstractTransferListenerAdapter - Downloading https://repo.maven.apache.org/maven2/org/apache/maven/plugins/maven-resources-plugin/4.0.0-beta-1/maven-resources-plugin-4.0.0-beta-1.jar
2026-01-04 13:12:21,472 [Worker-31: Importing Maven projects] INFO  o.e.m.c.i.e.AbstractTransferListenerAdapter - Downloaded https://repo.maven.apache.org/maven2/org/apache/maven/plugins/maven-resources-plugin/4.0.0-beta-1/maven-resources-plugin-4.0.0-beta-1.jar
2026-01-04 13:12:21,805 [Worker-31: Importing Maven projects] INFO  o.e.m.c.i.e.AbstractTransferListenerAdapter - Downloaded https://repo.maven.apache.org/maven2/org/apache/maven/plugins/maven-resources-plugin/3.4.0/maven-resources-plugin-3.4.0.pom
2026-01-04 13:12:21,909 [Worker-31: Importing Maven projects] INFO  o.e.m.c.i.e.AbstractTransferListenerAdapter - Downloaded https://repo.maven.apache.org/maven2/org/apache/maven/plugins/maven-plugins/45/maven-plugins-45.pom
2026-01-04 13:12:22,023 [Worker-31: Importing Maven projects] INFO  o.e.m.c.i.e.AbstractTransferListenerAdapter - Downloaded https://repo.maven.apache.org/maven2/org/apache/maven/maven-parent/45/maven-parent-45.pom
2026-01-04 13:12:22,158 [Worker-31: Importing Maven projects] INFO  o.e.m.c.i.e.AbstractTransferListenerAdapter - Downloaded https://repo.maven.apache.org/maven2/org/apache/apache/35/apache-35.pom
2026-01-04 13:12:22,283 [Worker-31: Importing Maven projects] INFO  o.e.m.c.i.e.AbstractTransferListenerAdapter - Downloaded https://repo.maven.apache.org/maven2/org/junit/junit-bom/5.13.1/junit-bom-5.13.1.pom
2026-01-04 13:12:22,322 [Worker-31: Importing Maven projects] INFO  o.e.m.c.i.e.AbstractTransferListenerAdapter - Downloading https://repo.maven.apache.org/maven2/org/apache/maven/plugins/maven-resources-plugin/3.4.0/maven-resources-plugin-3.4.0.jar
2026-01-04 13:12:22,544 [Worker-31: Importing Maven projects] INFO  o.e.m.c.i.e.AbstractTransferListenerAdapter - Downloaded https://repo.maven.apache.org/maven2/org/apache/maven/plugins/maven-resources-plugin/3.4.0/maven-resources-plugin-3.4.0.jar
2026-01-04 13:12:22,801 [Worker-31: Importing Maven projects] INFO  o.e.m.c.i.e.AbstractTransferListenerAdapter - Downloaded https://repo.maven.apache.org/maven2/org/apache/maven/plugins/maven-install-plugin/maven-metadata.xml
2026-01-04 13:12:22,924 [Worker-31: Importing Maven projects] INFO  o.e.m.c.i.e.AbstractTransferListenerAdapter - Downloaded https://repo.maven.apache.org/maven2/org/apache/maven/plugins/maven-install-plugin/4.0.0-beta-2/maven-install-plugin-4.0.0-beta-2.pom
2026-01-04 13:12:23,047 [Worker-31: Importing Maven projects] INFO  o.e.m.c.i.e.AbstractTransferListenerAdapter - Downloaded https://repo.maven.apache.org/maven2/org/apache/maven/plugins/maven-plugins/43/maven-plugins-43.pom
2026-01-04 13:12:23,227 [Worker-31: Importing Maven projects] INFO  o.e.m.c.i.e.AbstractTransferListenerAdapter - Downloaded https://repo.maven.apache.org/maven2/org/apache/maven/maven-parent/43/maven-parent-43.pom
2026-01-04 13:12:23,361 [Worker-31: Importing Maven projects] INFO  o.e.m.c.i.e.AbstractTransferListenerAdapter - Downloaded https://repo.maven.apache.org/maven2/org/apache/apache/33/apache-33.pom
2026-01-04 13:12:23,493 [Worker-31: Importing Maven projects] INFO  o.e.m.c.i.e.AbstractTransferListenerAdapter - Downloaded https://repo.maven.apache.org/maven2/org/junit/junit-bom/5.12.0/junit-bom-5.12.0.pom
2026-01-04 13:12:23,559 [Worker-31: Importing Maven projects] INFO  o.e.m.c.i.e.AbstractTransferListenerAdapter - Downloading https://repo.maven.apache.org/maven2/org/apache/maven/plugins/maven-install-plugin/4.0.0-beta-2/maven-install-plugin-4.0.0-beta-2.jar
2026-01-04 13:12:23,816 [Worker-31: Importing Maven projects] INFO  o.e.m.c.i.e.AbstractTransferListenerAdapter - Downloaded https://repo.maven.apache.org/maven2/org/apache/maven/plugins/maven-install-plugin/4.0.0-beta-2/maven-install-plugin-4.0.0-beta-2.jar
2026-01-04 13:12:24,124 [Worker-31: Importing Maven projects] INFO  o.e.m.c.i.e.AbstractTransferListenerAdapter - Downloaded https://repo.maven.apache.org/maven2/org/apache/maven/plugins/maven-install-plugin/4.0.0-beta-1/maven-install-plugin-4.0.0-beta-1.pom
2026-01-04 13:12:24,166 [Worker-31: Importing Maven projects] INFO  o.e.m.c.i.e.AbstractTransferListenerAdapter - Downloading https://repo.maven.apache.org/maven2/org/apache/maven/plugins/maven-install-plugin/4.0.0-beta-1/maven-install-plugin-4.0.0-beta-1.jar
2026-01-04 13:12:24,457 [Worker-31: Importing Maven projects] INFO  o.e.m.c.i.e.AbstractTransferListenerAdapter - Downloaded https://repo.maven.apache.org/maven2/org/apache/maven/plugins/maven-install-plugin/4.0.0-beta-1/maven-install-plugin-4.0.0-beta-1.jar
2026-01-04 13:12:24,759 [Worker-31: Importing Maven projects] INFO  o.e.m.c.i.e.AbstractTransferListenerAdapter - Downloaded https://repo.maven.apache.org/maven2/org/apache/maven/plugins/maven-install-plugin/3.1.4/maven-install-plugin-3.1.4.pom
2026-01-04 13:12:24,882 [Worker-31: Importing Maven projects] INFO  o.e.m.c.i.e.AbstractTransferListenerAdapter - Downloaded https://repo.maven.apache.org/maven2/org/junit/junit-bom/5.10.3/junit-bom-5.10.3.pom
2026-01-04 13:12:24,913 [Worker-31: Importing Maven projects] INFO  o.e.m.c.i.e.AbstractTransferListenerAdapter - Downloading https://repo.maven.apache.org/maven2/org/apache/maven/plugins/maven-install-plugin/3.1.4/maven-install-plugin-3.1.4.jar
2026-01-04 13:12:25,139 [Worker-31: Importing Maven projects] INFO  o.e.m.c.i.e.AbstractTransferListenerAdapter - Downloaded https://repo.maven.apache.org/maven2/org/apache/maven/plugins/maven-install-plugin/3.1.4/maven-install-plugin-3.1.4.jar
2026-01-04 13:12:25,456 [Worker-31: Importing Maven projects] INFO  o.e.m.c.i.e.AbstractTransferListenerAdapter - Downloaded https://repo.maven.apache.org/maven2/org/apache/maven/plugins/maven-deploy-plugin/maven-metadata.xml
2026-01-04 13:12:25,590 [Worker-31: Importing Maven projects] INFO  o.e.m.c.i.e.AbstractTransferListenerAdapter - Downloaded https://repo.maven.apache.org/maven2/org/apache/maven/plugins/maven-deploy-plugin/4.0.0-beta-2/maven-deploy-plugin-4.0.0-beta-2.pom
2026-01-04 13:12:25,628 [Worker-31: Importing Maven projects] INFO  o.e.m.c.i.e.AbstractTransferListenerAdapter - Downloading https://repo.maven.apache.org/maven2/org/apache/maven/plugins/maven-deploy-plugin/4.0.0-beta-2/maven-deploy-plugin-4.0.0-beta-2.jar
2026-01-04 13:12:25,911 [Worker-31: Importing Maven projects] INFO  o.e.m.c.i.e.AbstractTransferListenerAdapter - Downloaded https://repo.maven.apache.org/maven2/org/apache/maven/plugins/maven-deploy-plugin/4.0.0-beta-2/maven-deploy-plugin-4.0.0-beta-2.jar
2026-01-04 13:12:26,195 [Worker-31: Importing Maven projects] INFO  o.e.m.c.i.e.AbstractTransferListenerAdapter - Downloaded https://repo.maven.apache.org/maven2/org/apache/maven/plugins/maven-deploy-plugin/4.0.0-beta-1/maven-deploy-plugin-4.0.0-beta-1.pom
2026-01-04 13:12:26,239 [Worker-31: Importing Maven projects] INFO  o.e.m.c.i.e.AbstractTransferListenerAdapter - Downloading https://repo.maven.apache.org/maven2/org/apache/maven/plugins/maven-deploy-plugin/4.0.0-beta-1/maven-deploy-plugin-4.0.0-beta-1.jar
2026-01-04 13:12:26,512 [Worker-31: Importing Maven projects] INFO  o.e.m.c.i.e.AbstractTransferListenerAdapter - Downloaded https://repo.maven.apache.org/maven2/org/apache/maven/plugins/maven-deploy-plugin/4.0.0-beta-1/maven-deploy-plugin-4.0.0-beta-1.jar
2026-01-04 13:12:26,879 [Worker-31: Importing Maven projects] INFO  o.e.m.c.i.e.AbstractTransferListenerAdapter - Downloaded https://repo.maven.apache.org/maven2/org/apache/maven/plugins/maven-deploy-plugin/3.1.4/maven-deploy-plugin-3.1.4.pom
2026-01-04 13:12:26,920 [Worker-31: Importing Maven projects] INFO  o.e.m.c.i.e.AbstractTransferListenerAdapter - Downloading https://repo.maven.apache.org/maven2/org/apache/maven/plugins/maven-deploy-plugin/3.1.4/maven-deploy-plugin-3.1.4.jar
2026-01-04 13:12:27,229 [Worker-31: Importing Maven projects] INFO  o.e.m.c.i.e.AbstractTransferListenerAdapter - Downloaded https://repo.maven.apache.org/maven2/org/apache/maven/plugins/maven-deploy-plugin/3.1.4/maven-deploy-plugin-3.1.4.jar
2026-01-04 13:12:27,529 [Worker-31: Importing Maven projects] INFO  o.e.m.c.i.e.AbstractTransferListenerAdapter - Downloaded https://repo.maven.apache.org/maven2/org/apache/maven/plugins/maven-enforcer-plugin/1.4.1/maven-enforcer-plugin-1.4.1.pom
2026-01-04 13:12:27,649 [Worker-31: Importing Maven projects] INFO  o.e.m.c.i.e.AbstractTransferListenerAdapter - Downloaded https://repo.maven.apache.org/maven2/org/apache/maven/enforcer/enforcer/1.4.1/enforcer-1.4.1.pom
2026-01-04 13:12:27,742 [Worker-31: Importing Maven projects] INFO  o.e.m.c.i.e.AbstractTransferListenerAdapter - Downloaded https://repo.maven.apache.org/maven2/org/apache/maven/maven-parent/26/maven-parent-26.pom
2026-01-04 13:12:27,832 [Worker-31: Importing Maven projects] INFO  o.e.m.c.i.e.AbstractTransferListenerAdapter - Downloading https://repo.maven.apache.org/maven2/org/apache/maven/plugins/maven-enforcer-plugin/1.4.1/maven-enforcer-plugin-1.4.1.jar
2026-01-04 13:12:28,044 [Worker-31: Importing Maven projects] INFO  o.e.m.c.i.e.AbstractTransferListenerAdapter - Downloaded https://repo.maven.apache.org/maven2/org/apache/maven/plugins/maven-enforcer-plugin/1.4.1/maven-enforcer-plugin-1.4.1.jar
2026-01-04 13:12:28,389 [Worker-31: Importing Maven projects] INFO  o.e.m.c.i.e.AbstractTransferListenerAdapter - Downloaded https://repo.maven.apache.org/maven2/org/apache/maven/plugins/maven-source-plugin/3.0.1/maven-source-plugin-3.0.1.pom
2026-01-04 13:12:28,500 [Worker-31: Importing Maven projects] INFO  o.e.m.c.i.e.AbstractTransferListenerAdapter - Downloading https://repo.maven.apache.org/maven2/org/apache/maven/plugins/maven-source-plugin/3.0.1/maven-source-plugin-3.0.1.jar
2026-01-04 13:12:28,795 [Worker-31: Importing Maven projects] INFO  o.e.m.c.i.e.AbstractTransferListenerAdapter - Downloaded https://repo.maven.apache.org/maven2/org/apache/maven/plugins/maven-source-plugin/3.0.1/maven-source-plugin-3.0.1.jar
2026-01-04 13:12:29,108 [Worker-31: Importing Maven projects] INFO  o.e.m.c.i.e.AbstractTransferListenerAdapter - Downloaded https://repo.maven.apache.org/maven2/org/apache/maven/plugins/maven-javadoc-plugin/2.10.4/maven-javadoc-plugin-2.10.4.pom
2026-01-04 13:12:29,242 [Worker-31: Importing Maven projects] INFO  o.e.m.c.i.e.AbstractTransferListenerAdapter - Downloaded https://repo.maven.apache.org/maven2/org/apache/maven/plugins/maven-plugins/28/maven-plugins-28.pom
2026-01-04 13:12:29,350 [Worker-31: Importing Maven projects] INFO  o.e.m.c.i.e.AbstractTransferListenerAdapter - Downloaded https://repo.maven.apache.org/maven2/org/apache/maven/maven-parent/27/maven-parent-27.pom
2026-01-04 13:12:29,385 [Worker-31: Importing Maven projects] INFO  o.e.m.c.i.e.AbstractTransferListenerAdapter - Downloading https://repo.maven.apache.org/maven2/org/apache/maven/plugins/maven-javadoc-plugin/2.10.4/maven-javadoc-plugin-2.10.4.jar
2026-01-04 13:12:29,553 [Worker-31: Importing Maven projects] INFO  o.e.m.c.i.e.AbstractTransferListenerAdapter - Downloaded https://repo.maven.apache.org/maven2/org/apache/maven/plugins/maven-javadoc-plugin/2.10.4/maven-javadoc-plugin-2.10.4.jar
2026-01-04 13:12:29,695 [Worker-31: Importing Maven projects] INFO  o.e.m.c.i.e.AbstractTransferListenerAdapter - Downloaded https://repo.maven.apache.org/maven2/org/apache/maven/plugins/maven-site-plugin/3.6/maven-site-plugin-3.6.pom
2026-01-04 13:12:29,732 [Worker-31: Importing Maven projects] INFO  o.e.m.c.i.e.AbstractTransferListenerAdapter - Downloading https://repo.maven.apache.org/maven2/org/apache/maven/plugins/maven-site-plugin/3.6/maven-site-plugin-3.6.jar
2026-01-04 13:12:29,841 [Worker-31: Importing Maven projects] INFO  o.e.m.c.i.e.AbstractTransferListenerAdapter - Downloaded https://repo.maven.apache.org/maven2/org/apache/maven/plugins/maven-site-plugin/3.6/maven-site-plugin-3.6.jar
2026-01-04 13:12:29,921 [Worker-31: Importing Maven projects] INFO  o.e.m.c.i.e.AbstractTransferListenerAdapter - Downloading https://repo.maven.apache.org/maven2/org/apache/maven/plugins/maven-compiler-plugin/3.6.0/maven-compiler-plugin-3.6.0.jar
2026-01-04 13:12:30,006 [Worker-31: Importing Maven projects] INFO  o.e.m.c.i.e.AbstractTransferListenerAdapter - Downloaded https://repo.maven.apache.org/maven2/org/apache/maven/plugins/maven-compiler-plugin/3.6.0/maven-compiler-plugin-3.6.0.jar
2026-01-04 13:12:30,071 [Worker-31: Importing Maven projects] INFO  o.e.m.c.i.e.AbstractTransferListenerAdapter - Downloading https://repo.maven.apache.org/maven2/org/apache/maven/plugins/maven-surefire-plugin/2.19.1/maven-surefire-plugin-2.19.1.jar
2026-01-04 13:12:30,280 [Worker-31: Importing Maven projects] INFO  o.e.m.c.i.e.AbstractTransferListenerAdapter - Downloaded https://repo.maven.apache.org/maven2/org/apache/maven/plugins/maven-surefire-plugin/2.19.1/maven-surefire-plugin-2.19.1.jar
2026-01-04 13:12:30,484 [Worker-31: Importing Maven projects] INFO  o.e.m.c.i.e.AbstractTransferListenerAdapter - Downloading https://repo.maven.apache.org/maven2/org/apache/maven/plugins/maven-changes-plugin/2.12.1/maven-changes-plugin-2.12.1.jar
2026-01-04 13:12:30,580 [Worker-31: Importing Maven projects] INFO  o.e.m.c.i.e.AbstractTransferListenerAdapter - Downloaded https://repo.maven.apache.org/maven2/org/apache/maven/plugins/maven-changes-plugin/2.12.1/maven-changes-plugin-2.12.1.jar
2026-01-04 13:12:30,629 [Worker-31: Importing Maven projects] INFO  o.e.m.c.i.e.AbstractTransferListenerAdapter - Downloading https://repo.maven.apache.org/maven2/com/mycila/maven-license-plugin/maven-license-plugin/1.10.b1/maven-license-plugin-1.10.b1.jar
2026-01-04 13:12:30,730 [Worker-31: Importing Maven projects] INFO  o.e.m.c.i.e.AbstractTransferListenerAdapter - Downloaded https://repo.maven.apache.org/maven2/com/mycila/maven-license-plugin/maven-license-plugin/1.10.b1/maven-license-plugin-1.10.b1.jar
2026-01-04 13:12:30,840 [Worker-31: Importing Maven projects] INFO  o.e.m.c.i.e.AbstractTransferListenerAdapter - Downloaded https://repo.maven.apache.org/maven2/org/apache/maven/plugins/maven-compiler-plugin/3.6.0/maven-compiler-plugin-3.6.0.pom
2026-01-04 13:12:31,992 [Worker-31: Importing Maven projects] INFO  o.e.m.c.i.e.AbstractTransferListenerAdapter - Downloaded https://repo.maven.apache.org/maven2/org/apache/maven/shared/maven-shared-utils/3.1.0/maven-shared-utils-3.1.0.pom
2026-01-04 13:12:32,210 [Worker-31: Importing Maven projects] INFO  o.e.m.c.i.e.AbstractTransferListenerAdapter - Downloaded https://repo.maven.apache.org/maven2/org/ow2/asm/asm/6.0_ALPHA/asm-6.0_ALPHA.pom
2026-01-04 13:12:32,340 [Worker-31: Importing Maven projects] INFO  o.e.m.c.i.e.AbstractTransferListenerAdapter - Downloaded https://repo.maven.apache.org/maven2/org/ow2/asm/asm-parent/6.0_ALPHA/asm-parent-6.0_ALPHA.pom
2026-01-04 13:12:32,463 [Worker-31: Importing Maven projects] INFO  o.e.m.c.i.e.AbstractTransferListenerAdapter - Downloaded https://repo.maven.apache.org/maven2/org/ow2/ow2/1.3/ow2-1.3.pom
2026-01-04 13:12:32,588 [Worker-31: Importing Maven projects] INFO  o.e.m.c.i.e.AbstractTransferListenerAdapter - Downloaded https://repo.maven.apache.org/maven2/org/codehaus/plexus/plexus-compiler-api/2.8.1/plexus-compiler-api-2.8.1.pom
2026-01-04 13:12:32,699 [Worker-31: Importing Maven projects] INFO  o.e.m.c.i.e.AbstractTransferListenerAdapter - Downloaded https://repo.maven.apache.org/maven2/org/codehaus/plexus/plexus-compiler/2.8.1/plexus-compiler-2.8.1.pom
2026-01-04 13:12:32,907 [Worker-31: Importing Maven projects] INFO  o.e.m.c.i.e.AbstractTransferListenerAdapter - Downloaded https://repo.maven.apache.org/maven2/org/codehaus/plexus/plexus-compiler-manager/2.8.1/plexus-compiler-manager-2.8.1.pom
2026-01-04 13:12:33,040 [Worker-31: Importing Maven projects] INFO  o.e.m.c.i.e.AbstractTransferListenerAdapter - Downloaded https://repo.maven.apache.org/maven2/org/codehaus/plexus/plexus-compiler-javac/2.8.1/plexus-compiler-javac-2.8.1.pom
2026-01-04 13:12:33,182 [Worker-31: Importing Maven projects] INFO  o.e.m.c.i.e.AbstractTransferListenerAdapter - Downloaded https://repo.maven.apache.org/maven2/org/codehaus/plexus/plexus-compilers/2.8.1/plexus-compilers-2.8.1.pom
2026-01-04 13:12:33,247 [AetherRepositoryConnector-repo.maven.apache.org-2-0] INFO  o.e.m.c.i.e.AbstractTransferListenerAdapter - Downloading https://repo.maven.apache.org/maven2/org/apache/maven/shared/maven-shared-utils/3.1.0/maven-shared-utils-3.1.0.jar
2026-01-04 13:12:33,259 [AetherRepositoryConnector-repo.maven.apache.org-2-1] INFO  o.e.m.c.i.e.AbstractTransferListenerAdapter - Downloading https://repo.maven.apache.org/maven2/org/ow2/asm/asm/6.0_ALPHA/asm-6.0_ALPHA.jar
2026-01-04 13:12:33,277 [AetherRepositoryConnector-repo.maven.apache.org-2-3] INFO  o.e.m.c.i.e.AbstractTransferListenerAdapter - Downloading https://repo.maven.apache.org/maven2/org/codehaus/plexus/plexus-compiler-manager/2.8.1/plexus-compiler-manager-2.8.1.jar
2026-01-04 13:12:33,288 [AetherRepositoryConnector-repo.maven.apache.org-2-2] INFO  o.e.m.c.i.e.AbstractTransferListenerAdapter - Downloading https://repo.maven.apache.org/maven2/org/codehaus/plexus/plexus-compiler-api/2.8.1/plexus-compiler-api-2.8.1.jar
2026-01-04 13:12:33,327 [AetherRepositoryConnector-repo.maven.apache.org-2-4] INFO  o.e.m.c.i.e.AbstractTransferListenerAdapter - Downloading https://repo.maven.apache.org/maven2/org/codehaus/plexus/plexus-compiler-javac/2.8.1/plexus-compiler-javac-2.8.1.jar
2026-01-04 13:12:33,355 [AetherRepositoryConnector-repo.maven.apache.org-2-0] INFO  o.e.m.c.i.e.AbstractTransferListenerAdapter - Downloaded https://repo.maven.apache.org/maven2/org/apache/maven/shared/maven-shared-utils/3.1.0/maven-shared-utils-3.1.0.jar
2026-01-04 13:12:33,376 [AetherRepositoryConnector-repo.maven.apache.org-2-1] INFO  o.e.m.c.i.e.AbstractTransferListenerAdapter - Downloaded https://repo.maven.apache.org/maven2/org/ow2/asm/asm/6.0_ALPHA/asm-6.0_ALPHA.jar
2026-01-04 13:12:33,427 [AetherRepositoryConnector-repo.maven.apache.org-2-3] INFO  o.e.m.c.i.e.AbstractTransferListenerAdapter - Downloaded https://repo.maven.apache.org/maven2/org/codehaus/plexus/plexus-compiler-manager/2.8.1/plexus-compiler-manager-2.8.1.jar
2026-01-04 13:12:33,532 [AetherRepositoryConnector-repo.maven.apache.org-2-4] INFO  o.e.m.c.i.e.AbstractTransferListenerAdapter - Downloaded https://repo.maven.apache.org/maven2/org/codehaus/plexus/plexus-compiler-javac/2.8.1/plexus-compiler-javac-2.8.1.jar
2026-01-04 13:12:33,650 [AetherRepositoryConnector-repo.maven.apache.org-2-2] INFO  o.e.m.c.i.e.AbstractTransferListenerAdapter - Downloaded https://repo.maven.apache.org/maven2/org/codehaus/plexus/plexus-compiler-api/2.8.1/plexus-compiler-api-2.8.1.jar
2026-01-04 13:12:34,166 [Worker-31: Importing Maven projects] INFO  o.e.m.c.i.l.LifecycleMappingFactory - Using DEFAULT lifecycle mapping for MavenProject: org.yaml:snakeyaml:1.21 @ C:\Testleaf\eclipse\configuration\org.eclipse.osgi\445\0\.cp\META-INF\maven\org.yaml\snakeyaml\pom.xml.
2026-01-04 13:12:34,412 [Worker-31: Importing Maven projects] INFO  o.e.m.c.i.e.AbstractTransferListenerAdapter - Downloaded https://repo.maven.apache.org/maven2/org/springframework/spring-core/3.2.17.RELEASE/spring-core-3.2.17.RELEASE.pom
2026-01-04 13:12:34,548 [Worker-31: Importing Maven projects] INFO  o.e.m.c.i.e.AbstractTransferListenerAdapter - Downloaded https://repo.maven.apache.org/maven2/commons-logging/commons-logging/1.1.3/commons-logging-1.1.3.pom
2026-01-04 13:12:34,689 [Worker-31: Importing Maven projects] INFO  o.e.m.c.i.e.AbstractTransferListenerAdapter - Downloaded https://repo.maven.apache.org/maven2/org/apache/commons/commons-parent/28/commons-parent-28.pom
2026-01-04 13:12:34,851 [Worker-31: Importing Maven projects] INFO  o.e.m.c.i.e.AbstractTransferListenerAdapter - Downloaded https://repo.maven.apache.org/maven2/org/springframework/spring-beans/3.2.17.RELEASE/spring-beans-3.2.17.RELEASE.pom
2026-01-04 13:12:34,997 [Worker-31: Importing Maven projects] INFO  o.e.m.c.i.e.AbstractTransferListenerAdapter - Downloaded https://repo.maven.apache.org/maven2/org/springframework/spring-context-support/3.2.17.RELEASE/spring-context-support-3.2.17.RELEASE.pom
2026-01-04 13:12:35,124 [Worker-31: Importing Maven projects] INFO  o.e.m.c.i.e.AbstractTransferListenerAdapter - Downloaded https://repo.maven.apache.org/maven2/org/springframework/spring-context/3.2.17.RELEASE/spring-context-3.2.17.RELEASE.pom
2026-01-04 13:12:35,311 [Worker-31: Importing Maven projects] INFO  o.e.m.c.i.e.AbstractTransferListenerAdapter - Downloaded https://repo.maven.apache.org/maven2/org/springframework/spring-aop/3.2.17.RELEASE/spring-aop-3.2.17.RELEASE.pom
2026-01-04 13:12:35,514 [Worker-31: Importing Maven projects] INFO  o.e.m.c.i.e.AbstractTransferListenerAdapter - Downloaded https://repo.maven.apache.org/maven2/org/springframework/spring-expression/3.2.17.RELEASE/spring-expression-3.2.17.RELEASE.pom
2026-01-04 13:12:35,680 [Worker-31: Importing Maven projects] INFO  o.e.m.c.i.e.AbstractTransferListenerAdapter - Downloaded https://repo.maven.apache.org/maven2/org/apache/velocity/velocity/1.6.2/velocity-1.6.2.pom
2026-01-04 13:12:35,827 [Worker-31: Importing Maven projects] INFO  o.e.m.c.i.e.AbstractTransferListenerAdapter - Downloaded https://repo.maven.apache.org/maven2/commons-collections/commons-collections/3.2.1/commons-collections-3.2.1.pom
2026-01-04 13:12:35,980 [Worker-31: Importing Maven projects] INFO  o.e.m.c.i.e.AbstractTransferListenerAdapter - Downloaded https://repo.maven.apache.org/maven2/org/apache/commons/commons-parent/9/commons-parent-9.pom
2026-01-04 13:12:36,160 [Worker-31: Importing Maven projects] INFO  o.e.m.c.i.e.AbstractTransferListenerAdapter - Downloaded https://repo.maven.apache.org/maven2/commons-lang/commons-lang/2.4/commons-lang-2.4.pom
2026-01-04 13:12:36,320 [Worker-31: Importing Maven projects] INFO  o.e.m.c.i.e.AbstractTransferListenerAdapter - Downloaded https://repo.maven.apache.org/maven2/joda-time/joda-time/1.6/joda-time-1.6.pom
2026-01-04 13:12:36,441 [AetherRepositoryConnector-repo.maven.apache.org-3-1] INFO  o.e.m.c.i.e.AbstractTransferListenerAdapter - Downloading https://repo.maven.apache.org/maven2/commons-logging/commons-logging/1.1.3/commons-logging-1.1.3.jar
2026-01-04 13:12:36,444 [AetherRepositoryConnector-repo.maven.apache.org-3-3] INFO  o.e.m.c.i.e.AbstractTransferListenerAdapter - Downloading https://repo.maven.apache.org/maven2/org/springframework/spring-context-support/3.2.17.RELEASE/spring-context-support-3.2.17.RELEASE.jar
2026-01-04 13:12:36,547 [AetherRepositoryConnector-repo.maven.apache.org-3-1] INFO  o.e.m.c.i.e.AbstractTransferListenerAdapter - Downloaded https://repo.maven.apache.org/maven2/commons-logging/commons-logging/1.1.3/commons-logging-1.1.3.jar
2026-01-04 13:12:36,586 [AetherRepositoryConnector-repo.maven.apache.org-3-4] INFO  o.e.m.c.i.e.AbstractTransferListenerAdapter - Downloading https://repo.maven.apache.org/maven2/org/springframework/spring-context/3.2.17.RELEASE/spring-context-3.2.17.RELEASE.jar
2026-01-04 13:12:36,595 [AetherRepositoryConnector-repo.maven.apache.org-3-0] INFO  o.e.m.c.i.e.AbstractTransferListenerAdapter - Downloading https://repo.maven.apache.org/maven2/org/springframework/spring-core/3.2.17.RELEASE/spring-core-3.2.17.RELEASE.jar
2026-01-04 13:12:36,650 [AetherRepositoryConnector-repo.maven.apache.org-3-3] INFO  o.e.m.c.i.e.AbstractTransferListenerAdapter - Downloaded https://repo.maven.apache.org/maven2/org/springframework/spring-context-support/3.2.17.RELEASE/spring-context-support-3.2.17.RELEASE.jar
2026-01-04 13:12:36,784 [AetherRepositoryConnector-repo.maven.apache.org-3-2] INFO  o.e.m.c.i.e.AbstractTransferListenerAdapter - Downloading https://repo.maven.apache.org/maven2/org/springframework/spring-beans/3.2.17.RELEASE/spring-beans-3.2.17.RELEASE.jar
2026-01-04 13:12:36,891 [AetherRepositoryConnector-repo.maven.apache.org-3-1] INFO  o.e.m.c.i.e.AbstractTransferListenerAdapter - Downloading https://repo.maven.apache.org/maven2/org/springframework/spring-aop/3.2.17.RELEASE/spring-aop-3.2.17.RELEASE.jar
2026-01-04 13:12:36,923 [AetherRepositoryConnector-repo.maven.apache.org-3-0] INFO  o.e.m.c.i.e.AbstractTransferListenerAdapter - Downloaded https://repo.maven.apache.org/maven2/org/springframework/spring-core/3.2.17.RELEASE/spring-core-3.2.17.RELEASE.jar
2026-01-04 13:12:36,951 [AetherRepositoryConnector-repo.maven.apache.org-3-4] INFO  o.e.m.c.i.e.AbstractTransferListenerAdapter - Downloaded https://repo.maven.apache.org/maven2/org/springframework/spring-context/3.2.17.RELEASE/spring-context-3.2.17.RELEASE.jar
2026-01-04 13:12:36,965 [AetherRepositoryConnector-repo.maven.apache.org-3-0] INFO  o.e.m.c.i.e.AbstractTransferListenerAdapter - Downloading https://repo.maven.apache.org/maven2/org/apache/velocity/velocity/1.6.2/velocity-1.6.2.jar
2026-01-04 13:12:37,067 [AetherRepositoryConnector-repo.maven.apache.org-3-4] INFO  o.e.m.c.i.e.AbstractTransferListenerAdapter - Downloading https://repo.maven.apache.org/maven2/commons-collections/commons-collections/3.2.1/commons-collections-3.2.1.jar
2026-01-04 13:12:37,134 [AetherRepositoryConnector-repo.maven.apache.org-3-1] INFO  o.e.m.c.i.e.AbstractTransferListenerAdapter - Downloaded https://repo.maven.apache.org/maven2/org/springframework/spring-aop/3.2.17.RELEASE/spring-aop-3.2.17.RELEASE.jar
2026-01-04 13:12:37,141 [AetherRepositoryConnector-repo.maven.apache.org-3-3] INFO  o.e.m.c.i.e.AbstractTransferListenerAdapter - Downloading https://repo.maven.apache.org/maven2/org/springframework/spring-expression/3.2.17.RELEASE/spring-expression-3.2.17.RELEASE.jar
2026-01-04 13:12:37,178 [AetherRepositoryConnector-repo.maven.apache.org-3-1] INFO  o.e.m.c.i.e.AbstractTransferListenerAdapter - Downloading https://repo.maven.apache.org/maven2/commons-lang/commons-lang/2.4/commons-lang-2.4.jar
2026-01-04 13:12:37,182 [AetherRepositoryConnector-repo.maven.apache.org-3-0] INFO  o.e.m.c.i.e.AbstractTransferListenerAdapter - Downloaded https://repo.maven.apache.org/maven2/org/apache/velocity/velocity/1.6.2/velocity-1.6.2.jar
2026-01-04 13:12:37,227 [AetherRepositoryConnector-repo.maven.apache.org-3-0] INFO  o.e.m.c.i.e.AbstractTransferListenerAdapter - Downloading https://repo.maven.apache.org/maven2/joda-time/joda-time/1.6/joda-time-1.6.jar
2026-01-04 13:12:37,238 [AetherRepositoryConnector-repo.maven.apache.org-3-4] INFO  o.e.m.c.i.e.AbstractTransferListenerAdapter - Downloaded https://repo.maven.apache.org/maven2/commons-collections/commons-collections/3.2.1/commons-collections-3.2.1.jar
2026-01-04 13:12:37,363 [AetherRepositoryConnector-repo.maven.apache.org-3-1] INFO  o.e.m.c.i.e.AbstractTransferListenerAdapter - Downloaded https://repo.maven.apache.org/maven2/commons-lang/commons-lang/2.4/commons-lang-2.4.jar
2026-01-04 13:12:37,466 [AetherRepositoryConnector-repo.maven.apache.org-3-0] INFO  o.e.m.c.i.e.AbstractTransferListenerAdapter - Downloaded https://repo.maven.apache.org/maven2/joda-time/joda-time/1.6/joda-time-1.6.jar
2026-01-04 13:12:37,467 [AetherRepositoryConnector-repo.maven.apache.org-3-3] INFO  o.e.m.c.i.e.AbstractTransferListenerAdapter - Downloaded https://repo.maven.apache.org/maven2/org/springframework/spring-expression/3.2.17.RELEASE/spring-expression-3.2.17.RELEASE.jar
2026-01-04 13:12:37,660 [AetherRepositoryConnector-repo.maven.apache.org-3-2] INFO  o.e.m.c.i.e.AbstractTransferListenerAdapter - Downloaded https://repo.maven.apache.org/maven2/org/springframework/spring-beans/3.2.17.RELEASE/spring-beans-3.2.17.RELEASE.jar
2026-01-04 13:12:37,771 [Worker-31: Importing Maven projects] INFO  o.e.m.c.i.l.LifecycleMappingFactory - Using org.eclipse.m2e.jdt.JarLifecycleMapping lifecycle mapping for MavenProject: Maven:project:0.0.1-SNAPSHOT @ C:\Testleaf\Maven\project\pom.xml.
2026-01-04 13:12:40,771 [Worker-31: Importing Maven projects] INFO  o.e.m.c.i.l.LifecycleMappingFactory - Using NULL lifecycle mapping for MavenProject: learning:lear:0.0.1-SNAPSHOT @ C:\Testleaf\Maven\lear\pom.xml.
2026-01-04 13:12:44,013 [Worker-36: Download sources and javadoc] INFO  o.e.m.c.i.e.AbstractTransferListenerAdapter - Downloading https://repo.maven.apache.org/maven2/junit/junit/4.12/junit-4.12-sources.jar
2026-01-04 13:12:44,140 [Worker-36: Download sources and javadoc] INFO  o.e.m.c.i.e.AbstractTransferListenerAdapter - Downloaded https://repo.maven.apache.org/maven2/junit/junit/4.12/junit-4.12-sources.jar
2026-01-04 13:12:44,145 [Worker-36: Download sources and javadoc] INFO  o.e.m.j.internal.DownloadSourcesJob - Downloaded sources for junit:junit:4.12
2026-01-04 13:12:44,247 [Worker-36: Download sources and javadoc] INFO  o.e.m.c.i.e.AbstractTransferListenerAdapter - Downloading https://repo.maven.apache.org/maven2/org/apache/commons/commons-lang3/3.4/commons-lang3-3.4-sources.jar
2026-01-04 13:12:44,499 [Worker-36: Download sources and javadoc] INFO  o.e.m.c.i.e.AbstractTransferListenerAdapter - Downloaded https://repo.maven.apache.org/maven2/org/apache/commons/commons-lang3/3.4/commons-lang3-3.4-sources.jar
2026-01-04 13:12:44,520 [Worker-36: Download sources and javadoc] INFO  o.e.m.j.internal.DownloadSourcesJob - Downloaded sources for org.apache.commons:commons-lang3:3.4
2026-01-04 13:12:44,615 [Worker-36: Download sources and javadoc] INFO  o.e.m.c.i.e.AbstractTransferListenerAdapter - Downloading https://repo.maven.apache.org/maven2/commons-io/commons-io/2.5/commons-io-2.5-sources.jar
2026-01-04 13:12:44,770 [Worker-36: Download sources and javadoc] INFO  o.e.m.c.i.e.AbstractTransferListenerAdapter - Downloaded https://repo.maven.apache.org/maven2/commons-io/commons-io/2.5/commons-io-2.5-sources.jar
2026-01-04 13:12:44,777 [Worker-36: Download sources and javadoc] INFO  o.e.m.j.internal.DownloadSourcesJob - Downloaded sources for commons-io:commons-io:2.5
2026-01-04 13:12:45,323 [Worker-36: Download sources and javadoc] INFO  o.e.m.c.i.e.AbstractTransferListenerAdapter - Downloading https://repo.maven.apache.org/maven2/org/springframework/spring-core/3.2.17.RELEASE/spring-core-3.2.17.RELEASE-sources.jar
2026-01-04 13:12:45,870 [Worker-36: Download sources and javadoc] INFO  o.e.m.c.i.e.AbstractTransferListenerAdapter - Downloaded https://repo.maven.apache.org/maven2/org/springframework/spring-core/3.2.17.RELEASE/spring-core-3.2.17.RELEASE-sources.jar
2026-01-04 13:12:45,876 [Worker-36: Download sources and javadoc] INFO  o.e.m.j.internal.DownloadSourcesJob - Downloaded sources for org.springframework:spring-core:3.2.17.RELEASE
2026-01-04 13:12:45,999 [Worker-36: Download sources and javadoc] INFO  o.e.m.c.i.e.AbstractTransferListenerAdapter - Downloading https://repo.maven.apache.org/maven2/commons-logging/commons-logging/1.1.3/commons-logging-1.1.3-sources.jar
2026-01-04 13:12:46,100 [Worker-36: Download sources and javadoc] INFO  o.e.m.c.i.e.AbstractTransferListenerAdapter - Downloaded https://repo.maven.apache.org/maven2/commons-logging/commons-logging/1.1.3/commons-logging-1.1.3-sources.jar
2026-01-04 13:12:46,105 [Worker-36: Download sources and javadoc] INFO  o.e.m.j.internal.DownloadSourcesJob - Downloaded sources for commons-logging:commons-logging:1.1.3
2026-01-04 13:12:46,969 [Worker-36: Download sources and javadoc] INFO  o.e.m.c.i.e.AbstractTransferListenerAdapter - Downloading https://repo.maven.apache.org/maven2/org/springframework/spring-beans/3.2.17.RELEASE/spring-beans-3.2.17.RELEASE-sources.jar
2026-01-04 13:12:47,816 [Worker-36: Download sources and javadoc] INFO  o.e.m.c.i.e.AbstractTransferListenerAdapter - Downloaded https://repo.maven.apache.org/maven2/org/springframework/spring-beans/3.2.17.RELEASE/spring-beans-3.2.17.RELEASE-sources.jar
2026-01-04 13:12:47,822 [Worker-36: Download sources and javadoc] INFO  o.e.m.j.internal.DownloadSourcesJob - Downloaded sources for org.springframework:spring-beans:3.2.17.RELEASE
2026-01-04 13:12:47,912 [Worker-36: Download sources and javadoc] INFO  o.e.m.c.i.e.AbstractTransferListenerAdapter - Downloading https://repo.maven.apache.org/maven2/org/springframework/spring-context-support/3.2.17.RELEASE/spring-context-support-3.2.17.RELEASE-sources.jar
2026-01-04 13:12:48,329 [Worker-36: Download sources and javadoc] INFO  o.e.m.c.i.e.AbstractTransferListenerAdapter - Downloaded https://repo.maven.apache.org/maven2/org/springframework/spring-context-support/3.2.17.RELEASE/spring-context-support-3.2.17.RELEASE-sources.jar
2026-01-04 13:12:48,334 [Worker-36: Download sources and javadoc] INFO  o.e.m.j.internal.DownloadSourcesJob - Downloaded sources for org.springframework:spring-context-support:3.2.17.RELEASE
2026-01-04 13:12:48,461 [Worker-36: Download sources and javadoc] INFO  o.e.m.c.i.e.AbstractTransferListenerAdapter - Downloading https://repo.maven.apache.org/maven2/org/springframework/spring-context/3.2.17.RELEASE/spring-context-3.2.17.RELEASE-sources.jar
2026-01-04 13:12:48,705 [Worker-36: Download sources and javadoc] INFO  o.e.m.c.i.e.AbstractTransferListenerAdapter - Downloaded https://repo.maven.apache.org/maven2/org/springframework/spring-context/3.2.17.RELEASE/spring-context-3.2.17.RELEASE-sources.jar
2026-01-04 13:12:48,709 [Worker-36: Download sources and javadoc] INFO  o.e.m.j.internal.DownloadSourcesJob - Downloaded sources for org.springframework:spring-context:3.2.17.RELEASE
2026-01-04 13:12:49,010 [Worker-36: Download sources and javadoc] INFO  o.e.m.c.i.e.AbstractTransferListenerAdapter - Downloading https://repo.maven.apache.org/maven2/org/springframework/spring-aop/3.2.17.RELEASE/spring-aop-3.2.17.RELEASE-sources.jar
2026-01-04 13:12:49,559 [Worker-36: Download sources and javadoc] INFO  o.e.m.c.i.e.AbstractTransferListenerAdapter - Downloaded https://repo.maven.apache.org/maven2/org/springframework/spring-aop/3.2.17.RELEASE/spring-aop-3.2.17.RELEASE-sources.jar
2026-01-04 13:12:49,566 [Worker-36: Download sources and javadoc] INFO  o.e.m.j.internal.DownloadSourcesJob - Downloaded sources for org.springframework:spring-aop:3.2.17.RELEASE
2026-01-04 13:12:50,963 [Worker-36: Download sources and javadoc] INFO  o.e.m.c.i.e.AbstractTransferListenerAdapter - Downloading https://repo.maven.apache.org/maven2/org/springframework/spring-expression/3.2.17.RELEASE/spring-expression-3.2.17.RELEASE-sources.jar
2026-01-04 13:12:51,384 [Worker-36: Download sources and javadoc] INFO  o.e.m.c.i.e.AbstractTransferListenerAdapter - Downloaded https://repo.maven.apache.org/maven2/org/springframework/spring-expression/3.2.17.RELEASE/spring-expression-3.2.17.RELEASE-sources.jar
2026-01-04 13:12:51,388 [Worker-36: Download sources and javadoc] INFO  o.e.m.j.internal.DownloadSourcesJob - Downloaded sources for org.springframework:spring-expression:3.2.17.RELEASE
2026-01-04 13:12:51,474 [Worker-31: Importing Maven projects] INFO  o.e.m.j.i.AbstractJavaProjectConfigurator - Adding source folder /project/src/main/java
2026-01-04 13:12:51,474 [Worker-31: Importing Maven projects] INFO  o.e.m.j.i.AbstractJavaProjectConfigurator - Adding resource folder /project/src/main/resources
2026-01-04 13:12:51,475 [Worker-31: Importing Maven projects] INFO  o.e.m.j.i.AbstractJavaProjectConfigurator - Adding source folder /project/src/test/java
2026-01-04 13:12:51,475 [Worker-31: Importing Maven projects] INFO  o.e.m.j.i.AbstractJavaProjectConfigurator - Adding resource folder /project/src/test/resources
2026-01-04 13:12:51,739 [Worker-36: Download sources and javadoc] INFO  o.e.m.c.i.e.AbstractTransferListenerAdapter - Downloaded https://repo.maven.apache.org/maven2/org/apache/velocity/velocity/1.6.2/velocity-1.6.2-sources.jar
2026-01-04 13:12:51,742 [Worker-36: Download sources and javadoc] ERROR o.e.m.j.internal.DownloadSourcesJob - Could not download sources for org.apache.velocity:velocity:1.6.2
org.eclipse.core.runtime.CoreException: Could not resolve artifact org.apache.velocity:velocity:jar:sources:1.6.2
	at org.eclipse.m2e.core.internal.embedder.MavenImpl.lambda$4(MavenImpl.java:804)
	at org.eclipse.m2e.core.internal.embedder.MavenExecutionContext.executeBare(MavenExecutionContext.java:179)
	at org.eclipse.m2e.core.internal.embedder.MavenExecutionContext.execute(MavenExecutionContext.java:114)
	at org.eclipse.m2e.core.internal.embedder.MavenExecutionContext.execute(MavenExecutionContext.java:101)
	at org.eclipse.m2e.core.internal.embedder.MavenImpl.resolve(MavenImpl.java:772)
	at org.eclipse.m2e.core.internal.embedder.MavenImpl.resolve(MavenImpl.java:749)
	at org.eclipse.m2e.jdt.internal.DownloadSourcesJob.download(DownloadSourcesJob.java:330)
	at org.eclipse.m2e.jdt.internal.DownloadSourcesJob.downloadAttachments(DownloadSourcesJob.java:304)
	at org.eclipse.m2e.jdt.internal.DownloadSourcesJob.downloadMaven(DownloadSourcesJob.java:269)
	at org.eclipse.m2e.jdt.internal.DownloadSourcesJob.downloadFilesAndPopulateToUpdate(DownloadSourcesJob.java:233)
	at org.eclipse.m2e.jdt.internal.DownloadSourcesJob.lambda$0(DownloadSourcesJob.java:161)
	at org.eclipse.m2e.core.internal.embedder.MavenExecutionContext.executeBare(MavenExecutionContext.java:179)
	at org.eclipse.m2e.core.internal.embedder.MavenExecutionContext.execute(MavenExecutionContext.java:153)
	at org.eclipse.m2e.core.internal.embedder.MavenExecutionContext.execute(MavenExecutionContext.java:101)
	at org.eclipse.m2e.core.internal.embedder.MavenImpl.execute(MavenImpl.java:1374)
	at org.eclipse.m2e.jdt.internal.DownloadSourcesJob.run(DownloadSourcesJob.java:161)
	at org.eclipse.core.internal.jobs.Worker.run(Worker.java:63)
2026-01-04 13:12:51,835 [Worker-36: Download sources and javadoc] INFO  o.e.m.c.i.e.AbstractTransferListenerAdapter - Downloading https://repo.maven.apache.org/maven2/commons-collections/commons-collections/3.2.1/commons-collections-3.2.1-sources.jar
2026-01-04 13:12:51,864 [Worker-31: Importing Maven projects] INFO  o.e.m.c.i.e.AbstractTransferListenerAdapter - Downloaded https://repo.maven.apache.org/maven2/org/apache/maven/shared/maven-filtering/3.4.0/maven-filtering-3.4.0.pom
2026-01-04 13:12:52,017 [Worker-31: Importing Maven projects] INFO  o.e.m.c.i.e.AbstractTransferListenerAdapter - Downloaded https://repo.maven.apache.org/maven2/org/apache/maven/shared/maven-shared-components/43/maven-shared-components-43.pom
2026-01-04 13:12:52,048 [Worker-36: Download sources and javadoc] INFO  o.e.m.c.i.e.AbstractTransferListenerAdapter - Downloaded https://repo.maven.apache.org/maven2/commons-collections/commons-collections/3.2.1/commons-collections-3.2.1-sources.jar
2026-01-04 13:12:52,053 [Worker-36: Download sources and javadoc] INFO  o.e.m.j.internal.DownloadSourcesJob - Downloaded sources for commons-collections:commons-collections:3.2.1
2026-01-04 13:12:52,154 [Worker-36: Download sources and javadoc] INFO  o.e.m.c.i.e.AbstractTransferListenerAdapter - Downloading https://repo.maven.apache.org/maven2/commons-lang/commons-lang/2.4/commons-lang-2.4-sources.jar
2026-01-04 13:12:52,224 [Worker-31: Importing Maven projects] INFO  o.e.m.c.i.e.AbstractTransferListenerAdapter - Downloaded https://repo.maven.apache.org/maven2/org/codehaus/plexus/plexus-utils/4.0.2/plexus-utils-4.0.2.pom
2026-01-04 13:12:52,302 [Worker-36: Download sources and javadoc] INFO  o.e.m.c.i.e.AbstractTransferListenerAdapter - Downloaded https://repo.maven.apache.org/maven2/commons-lang/commons-lang/2.4/commons-lang-2.4-sources.jar
2026-01-04 13:12:52,307 [Worker-36: Download sources and javadoc] INFO  o.e.m.j.internal.DownloadSourcesJob - Downloaded sources for commons-lang:commons-lang:2.4
2026-01-04 13:12:52,368 [Worker-31: Importing Maven projects] INFO  o.e.m.c.i.e.AbstractTransferListenerAdapter - Downloaded https://repo.maven.apache.org/maven2/org/codehaus/plexus/plexus-xml/3.0.1/plexus-xml-3.0.1.pom
2026-01-04 13:12:52,405 [Worker-36: Download sources and javadoc] INFO  o.e.m.c.i.e.AbstractTransferListenerAdapter - Downloading https://repo.maven.apache.org/maven2/oro/oro/2.0.8/oro-2.0.8-sources.jar
2026-01-04 13:12:52,474 [Worker-31: Importing Maven projects] INFO  o.e.m.c.i.e.AbstractTransferListenerAdapter - Downloaded https://repo.maven.apache.org/maven2/org/codehaus/plexus/plexus/18/plexus-18.pom
2026-01-04 13:12:52,505 [Worker-36: Download sources and javadoc] INFO  o.e.m.c.i.e.AbstractTransferListenerAdapter - Downloaded https://repo.maven.apache.org/maven2/oro/oro/2.0.8/oro-2.0.8-sources.jar
2026-01-04 13:12:52,512 [Worker-36: Download sources and javadoc] INFO  o.e.m.j.internal.DownloadSourcesJob - Downloaded sources for oro:oro:2.0.8
2026-01-04 13:12:52,598 [Worker-31: Importing Maven projects] INFO  o.e.m.c.i.e.AbstractTransferListenerAdapter - Downloaded https://repo.maven.apache.org/maven2/org/junit/junit-bom/5.10.2/junit-bom-5.10.2.pom
2026-01-04 13:12:52,727 [Worker-31: Importing Maven projects] INFO  o.e.m.c.i.e.AbstractTransferListenerAdapter - Downloaded https://repo.maven.apache.org/maven2/org/codehaus/plexus/plexus-interpolation/1.27/plexus-interpolation-1.27.pom
2026-01-04 13:12:52,804 [Worker-36: Download sources and javadoc] INFO  o.e.m.c.i.e.AbstractTransferListenerAdapter - Downloading https://repo.maven.apache.org/maven2/joda-time/joda-time/1.6/joda-time-1.6-sources.jar
2026-01-04 13:12:52,867 [Worker-31: Importing Maven projects] INFO  o.e.m.c.i.e.AbstractTransferListenerAdapter - Downloaded https://repo.maven.apache.org/maven2/org/codehaus/plexus/plexus/16/plexus-16.pom
2026-01-04 13:12:53,033 [Worker-31: Importing Maven projects] INFO  o.e.m.c.i.e.AbstractTransferListenerAdapter - Downloaded https://repo.maven.apache.org/maven2/commons-io/commons-io/2.16.1/commons-io-2.16.1.pom
2026-01-04 13:12:53,045 [Worker-36: Download sources and javadoc] INFO  o.e.m.c.i.e.AbstractTransferListenerAdapter - Downloaded https://repo.maven.apache.org/maven2/joda-time/joda-time/1.6/joda-time-1.6-sources.jar
2026-01-04 13:12:53,050 [Worker-36: Download sources and javadoc] INFO  o.e.m.j.internal.DownloadSourcesJob - Downloaded sources for joda-time:joda-time:1.6
2026-01-04 13:12:53,237 [Worker-31: Importing Maven projects] INFO  o.e.m.c.i.e.AbstractTransferListenerAdapter - Downloaded https://repo.maven.apache.org/maven2/org/apache/commons/commons-parent/69/commons-parent-69.pom
2026-01-04 13:12:53,434 [Worker-31: Importing Maven projects] INFO  o.e.m.c.i.e.AbstractTransferListenerAdapter - Downloaded https://repo.maven.apache.org/maven2/org/apache/commons/commons-lang3/3.16.0/commons-lang3-3.16.0.pom
2026-01-04 13:12:53,553 [Worker-31: Importing Maven projects] INFO  o.e.m.c.i.e.AbstractTransferListenerAdapter - Downloaded https://repo.maven.apache.org/maven2/org/apache/commons/commons-parent/72/commons-parent-72.pom
2026-01-04 13:12:53,646 [Worker-31: Importing Maven projects] INFO  o.e.m.c.i.e.AbstractTransferListenerAdapter - Downloaded https://repo.maven.apache.org/maven2/org/junit/junit-bom/5.11.0-M2/junit-bom-5.11.0-M2.pom
2026-01-04 13:12:53,786 [Worker-31: Importing Maven projects] INFO  o.e.m.c.i.e.AbstractTransferListenerAdapter - Downloaded https://repo.maven.apache.org/maven2/org/apache/commons/commons-lang3/3.20.0/commons-lang3-3.20.0.pom
2026-01-04 13:12:53,911 [Worker-31: Importing Maven projects] INFO  o.e.m.c.i.e.AbstractTransferListenerAdapter - Downloaded https://repo.maven.apache.org/maven2/org/apache/commons/commons-parent/92/commons-parent-92.pom
2026-01-04 13:12:54,048 [Worker-31: Importing Maven projects] INFO  o.e.m.c.i.e.AbstractTransferListenerAdapter - Downloaded https://repo.maven.apache.org/maven2/org/junit/junit-bom/5.13.4/junit-bom-5.13.4.pom
2026-01-04 13:12:54,087 [AetherRepositoryConnector-repo.maven.apache.org-4-0] INFO  o.e.m.c.i.e.AbstractTransferListenerAdapter - Downloading https://repo.maven.apache.org/maven2/org/apache/maven/shared/maven-filtering/3.4.0/maven-filtering-3.4.0.jar
2026-01-04 13:12:54,124 [AetherRepositoryConnector-repo.maven.apache.org-4-1] INFO  o.e.m.c.i.e.AbstractTransferListenerAdapter - Downloading https://repo.maven.apache.org/maven2/org/codehaus/plexus/plexus-utils/4.0.2/plexus-utils-4.0.2.jar
2026-01-04 13:12:54,146 [AetherRepositoryConnector-repo.maven.apache.org-4-4] INFO  o.e.m.c.i.e.AbstractTransferListenerAdapter - Downloading https://repo.maven.apache.org/maven2/commons-io/commons-io/2.16.1/commons-io-2.16.1.jar
2026-01-04 13:12:54,146 [AetherRepositoryConnector-repo.maven.apache.org-4-3] INFO  o.e.m.c.i.e.AbstractTransferListenerAdapter - Downloading https://repo.maven.apache.org/maven2/org/codehaus/plexus/plexus-interpolation/1.27/plexus-interpolation-1.27.jar
2026-01-04 13:12:54,146 [AetherRepositoryConnector-repo.maven.apache.org-4-2] INFO  o.e.m.c.i.e.AbstractTransferListenerAdapter - Downloading https://repo.maven.apache.org/maven2/org/codehaus/plexus/plexus-xml/3.0.1/plexus-xml-3.0.1.jar
2026-01-04 13:12:54,240 [AetherRepositoryConnector-repo.maven.apache.org-4-0] INFO  o.e.m.c.i.e.AbstractTransferListenerAdapter - Downloaded https://repo.maven.apache.org/maven2/org/apache/maven/shared/maven-filtering/3.4.0/maven-filtering-3.4.0.jar
2026-01-04 13:12:54,306 [AetherRepositoryConnector-repo.maven.apache.org-4-0] INFO  o.e.m.c.i.e.AbstractTransferListenerAdapter - Downloading https://repo.maven.apache.org/maven2/org/apache/commons/commons-lang3/3.20.0/commons-lang3-3.20.0.jar
2026-01-04 13:12:54,342 [AetherRepositoryConnector-repo.maven.apache.org-4-2] INFO  o.e.m.c.i.e.AbstractTransferListenerAdapter - Downloaded https://repo.maven.apache.org/maven2/org/codehaus/plexus/plexus-xml/3.0.1/plexus-xml-3.0.1.jar
2026-01-04 13:12:54,353 [AetherRepositoryConnector-repo.maven.apache.org-4-1] INFO  o.e.m.c.i.e.AbstractTransferListenerAdapter - Downloaded https://repo.maven.apache.org/maven2/org/codehaus/plexus/plexus-utils/4.0.2/plexus-utils-4.0.2.jar
2026-01-04 13:12:54,360 [AetherRepositoryConnector-repo.maven.apache.org-4-3] INFO  o.e.m.c.i.e.AbstractTransferListenerAdapter - Downloaded https://repo.maven.apache.org/maven2/org/codehaus/plexus/plexus-interpolation/1.27/plexus-interpolation-1.27.jar
2026-01-04 13:12:54,428 [AetherRepositoryConnector-repo.maven.apache.org-4-4] INFO  o.e.m.c.i.e.AbstractTransferListenerAdapter - Downloaded https://repo.maven.apache.org/maven2/commons-io/commons-io/2.16.1/commons-io-2.16.1.jar
2026-01-04 13:12:54,514 [AetherRepositoryConnector-repo.maven.apache.org-4-0] INFO  o.e.m.c.i.e.AbstractTransferListenerAdapter - Downloaded https://repo.maven.apache.org/maven2/org/apache/commons/commons-lang3/3.20.0/commons-lang3-3.20.0.jar
2026-01-04 13:12:54,579 [Worker-31: Importing Maven projects] INFO  o.e.m.j.i.AbstractJavaProjectConfigurator - Adding source folder /snakeyaml/src/main/java
2026-01-04 13:12:54,580 [Worker-31: Importing Maven projects] INFO  o.e.m.j.i.AbstractJavaProjectConfigurator - Adding source folder /snakeyaml/src/test/java
2026-01-04 13:12:54,816 [Worker-31: Importing Maven projects] INFO  o.e.m.j.i.AbstractJavaProjectConfigurator - Adding source folder /infomatica/src/main/java
2026-01-04 13:12:54,816 [Worker-31: Importing Maven projects] INFO  o.e.m.j.i.AbstractJavaProjectConfigurator - Adding resource folder /infomatica/src/main/resources
2026-01-04 13:12:54,817 [Worker-31: Importing Maven projects] INFO  o.e.m.j.i.AbstractJavaProjectConfigurator - Adding source folder /infomatica/src/test/java
2026-01-04 13:12:54,817 [Worker-31: Importing Maven projects] INFO  o.e.m.j.i.AbstractJavaProjectConfigurator - Adding resource folder /infomatica/src/test/resources
2026-01-04 13:12:54,932 [Worker-31: Importing Maven projects] INFO  o.e.m.c.i.p.ProjectConfigurationManager - Imported and configured 12 project(s) in 93 sec
2026-01-04 13:12:56,377 [Worker-25: Download sources and javadoc] INFO  o.e.m.c.i.e.AbstractTransferListenerAdapter - Downloading https://repo.maven.apache.org/maven2/org/apache/velocity/velocity/1.6.2/velocity-1.6.2-javadoc.jar
2026-01-04 13:12:56,588 [Worker-34: Building] WARN  o.e.m.c.i.embedder.EclipseLogger - Using platform encoding (Cp1252 actually) to copy filtered resources, i.e. build is platform dependent!
2026-01-04 13:12:56,594 [Worker-34: Building] INFO  o.e.m.c.i.embedder.EclipseLogger - Copying 0 resource
2026-01-04 13:12:56,598 [Worker-34: Building] WARN  o.e.m.c.i.embedder.EclipseLogger - Using platform encoding (Cp1252 actually) to copy filtered resources, i.e. build is platform dependent!
2026-01-04 13:12:56,600 [Worker-34: Building] INFO  o.e.m.c.i.embedder.EclipseLogger - Copying 1 resource
2026-01-04 13:12:56,766 [Worker-25: Download sources and javadoc] INFO  o.e.m.c.i.e.AbstractTransferListenerAdapter - Downloaded https://repo.maven.apache.org/maven2/org/apache/velocity/velocity/1.6.2/velocity-1.6.2-javadoc.jar
2026-01-04 13:12:56,777 [Worker-25: Download sources and javadoc] INFO  o.e.m.j.internal.DownloadSourcesJob - Downloaded javadoc for org.apache.velocity:velocity:1.6.2
2026-01-04 13:12:57,683 [Worker-31: Building] WARN  o.e.m.c.i.embedder.EclipseLogger - Using platform encoding (Cp1252 actually) to copy filtered resources, i.e. build is platform dependent!
2026-01-04 13:12:57,685 [Worker-31: Building] INFO  o.e.m.c.i.embedder.EclipseLogger - Copying 0 resource
2026-01-04 13:12:57,689 [Worker-31: Building] WARN  o.e.m.c.i.embedder.EclipseLogger - Using platform encoding (Cp1252 actually) to copy filtered resources, i.e. build is platform dependent!
2026-01-04 13:12:57,692 [Worker-31: Building] INFO  o.e.m.c.i.embedder.EclipseLogger - Copying 0 resource
2026-01-04 13:12:57,745 [Worker-31: Building] INFO  o.a.m.s.f.DefaultMavenResourcesFiltering - skip non existing resourceDirectory C:\Testleaf\eclipse\configuration\org.eclipse.osgi\445\0\.cp\META-INF\maven\org.yaml\snakeyaml\src\main\resources
2026-01-04 13:12:57,749 [Worker-31: Building] INFO  o.a.m.s.f.DefaultMavenResourcesFiltering - skip non existing resourceDirectory C:\Testleaf\eclipse\configuration\org.eclipse.osgi\445\0\.cp\META-INF\maven\org.yaml\snakeyaml\src\test\resources
2026-01-11 10:49:06,954 [Worker-3: Loading available Gradle versions] INFO  o.e.b.c.i.u.g.PublishedGradleVersions - Gradle version information cache is out-of-date. Trying to update.
